file_name,ocr_engine,output_file,extracted_text
Menu_Restaurant_008.jpg,Tesseract OCR,Menu_Restaurant_008_tesseract.txt,"Agrega
1 Vuso de ©if[i

— e

CHICHARRÓN 22 POLLO AL HORNO 24 ASADINO 24 LECHÓN CRIOLLO 24 — PAVO PERUANO 22
fm:3:sce:: ':º¡zleesrrf¡:tºdse yz::::;,¡ ¡::r;nº. Pechuga jugosa al horno con queso Asado criollo en su jugo, sarza de Lechón asado, lechuga, sarza

Pavo al horno con con
suizo derretido y sarza criolla cebolla, lechuga y pan fránces. criolla , pan frances

sarza criolla, pan fránces

N a - anl ==
E|
Taa U
—

— ¿
POLILO VICTORIA 22 PULLED PORK 2£ VICTORIA CLUB 35 CHORIPAN 16 POLLO 20
Pollo des¡l.uchado, queso cheddar, Cerdo ahumado y horneado por 4 hras — Pan de Molde tostado, pollo, jamon, Chorizo Parrillero, queso Pollo desilachado a la plancha,

huevo, jamon en pan Fránces en salsa BBG, coleslaw, queso cheddar

queso, huevo, lechuga y tomate. cheddar

lechuga y tomate en pan Brioche
Sandwich grande

y pan brioche de manteguilla.

| VICTORIA EXTREME

= PIQUEOS

[ mndwlch. chorizo con champiñones a la parrilla BBQ
Tequeños de queso suizo y papas fritas.

LLO AL HOR ) 26

ARROZ, COLE - SLAW O PURÉ DI PAPA Y SARZA,

LUNES A DOMINGO
LATO DE FONDO…+.BEBIDA
— E A -

. 4
- R
a Ulatos criollos T2Vasos de'enienama .L“¡7 SEECHÓN AL HORNO LLOALAPI.ANCHA ADO DE RES AL JUGO 28

2 € de ch: late. ARROZ, PURE DE PAPA Y SARZA. CONPAPAS FRITAS, ARROZ Y ENSALADA. ARROI, PURE DE PAPA Y SARZA.
* 2 tortas de chocol .

Ne

TORTA DE CHOC. 15
CHURROS 15 C/ HELADO 18

PICAHELADO 18
PICARONES 14

"
Menu_Restaurant_007.jpg,Tesseract OCR,Menu_Restaurant_007_tesseract.txt,"'ERTO MANCORA

» N 147 6A

q - y w-""
le M l d .A
r a
' "" [| tratot
e 2
**¿_ - r ECME CAMME i 1 Ea
CMOAINTO
_ E ALA Cñ AC p
CAUSA Ar FvIcADNa ££
40
>
12
r
Y
.
»
u p , s
E

Precio x trío

JALEÓN DEL PESCADOR 65
Súper jalea mixta con pescado, mariscos, yucas
y plátanos fritos. Servido con zarza de cebolla y tomate.

PESCADO FRITO PIURANO 52

Con arroz blanco, frejoles, plátanos fritos y zarza criolla.

CHICHARRÓN DE PESCADO 52

Servido con jugosa zarza criolla.

CHICHARRÓN DE CALAMAR 59

Crocantes aros de calamar con yucas fritas y zarza criolla

ss eoo!

..ss.eee00S
.l.............l..............I.'...'...

EXPRESS

""i PO ALA PAN

mO TTO DE LAMEC

EOO MANTNDA n

TACH TACU ANC

ARROZ COM Mi

CEVICHE | IMEÑIT) n

_ MALJFEA DE M
MIXTO ESPECIAI 3

TACU TACU !

DE CAMBETILLA MORTEMA 35
PESCADO
OMO SA
ACEVICHADO 35
PARRILLERO 35
- CR
BANANA ROLL 35

PESCA ENTERA DEL DIA--------
CABRILLA

Pídelo como prefieras.

, TItO;, SUdado:
0, ala parrila o al ajo:

Precios expresados en soles e incluyen impuestos.

"
Menu_Restaurant_006.jpg,Tesseract OCR,Menu_Restaurant_006_tesseract.txt,"CAJA CAINÁ - -
[R!0LLA Tn LÁ%MQ£QC!…A
expwss E

""CAJA CHINA
: 1/4 DE —PDLLO S/25

Micacniotóo --| COMBINADO/MOSTRO.
s | CRANCHO-200 6 +

- PAPAS NATIVA3

y O CHAUA .s/40_

M 10DOS LOS PLATOS V!ENEN

[ MUMPANADO$ DE PAPITAS Y E

3 anzm¡3_&
Man;mt:umnou .._?_ 3 7Q0

......

e
p_u_z.f'_ pohx annwu:u… T .a,. CNR S/20 L

PAPICAR — —º* |
cosnu.ms BBQ(6 umm. T ANE .__ S/ZS¿.

mcmu DE PAP¡1AS NM]VA3 TP S/15r _

BEB!QA EA 'IBoz -
CHICHA MORMA/MARACWA¿ . .S/5 S¡8 S/18

EMOLIENTE —

-
'I

"
Menu_Restaurant_005.jpg,Tesseract OCR,Menu_Restaurant_005_tesseract.txt,"A

l L .""Aº '¿t X A ¡ 'vjA — — — N h
… LOS DÍAS - 12PM A SPM

L»] ip] Í¡_$_*(4'¡-'¡4fo¡_'Í>o,

ia

¡I
- -

—
Tortilla de malz con pollo, salsa chedder
mayonesa de yogurt, ¡echuga, guacamole
y pico de gallo

ollo co sa de cha pnñones,
trroz Y papas bárbaras

Enrollado d¿xo!lo con queso mozzarella, jamón

""=
en salsa de champ¡nones. arroz y puré de papa

&_ =
º'em…,'

7

”»,""'

.

| “1r :
x../¡....9 º u….*..""_'—.' JU _>
Medallón de lor

sa de 4 p¡m¡entas,
e arrozy papas a

bárbaras —< U Ds ""L.'N:L TA PA ON IERA
— ; F'Z?a?ººllºa …vpuré de papa

papas bárbaras

Lomo fino""saltado, arroz y

+ 01 VASO DE CHICHA DE 400ML

Y AGREGA O1 CHELA DE AQOML A SÓLO S…9.970 ,

"
Menu_Restaurant_004.jpg,Tesseract OCR,Menu_Restaurant_004_tesseract.txt,"CÁRWA LonGHORN

PIQUEOS GRILL LONGHORN ESPECIALIDADES
AMERICAMNA PREMIUNM

ESTOFADO DE LA NONNA

* SALMÓN A LA PARRILLA

* DIETA DE POLLO

SAMADOS

POLLO SALTADO

ENSALADAS

« ENSALADA PARMILLERA CHICA

LOMO SALTADO s/ 59

LOMO SALTADO COM TACU TACU s/ 59

* ENSALADA PARMILLERA GRANDE
SPAGUETTI SALTADO CRIOLLO DE LOMO O POLLO 5/ 41

ENSALADA DE GUINUA AL ESTILO LONGHONN
SALTADO LOMGHORN CON FETTUCCINI A LA CREMA s/ 59

ENSALADA CÉSAR
CARME Y PASTA .. convnsción renrectA

LOMO FINO COM PETTUCCINI AL ALFREDO 5/ 67

ENSALADA CÉSAR CON POLLO
o PESTO

LOMO FINO COM SPAGUETTI AL ALFREDO O S/ 67
pesTO

ENSALADA DE POLLO CROCANTE LONGHORN … DEL …u
APANMADO DE LOMO CON SPAGUETTI O / 61

FETTUCCINI AL PESTO

1/2 PECHUGA DE POLLO
APAMADO DE POLLO CONM FETTUCCINI AL
ALFREDO O PESTO

FETTUCCINI A LA HUANCAÍNA CON

PECHUGA DE POLLO
LOMITOS SALTEADOS

PASTAS
RISOTTO CON FUNGHI PORCINI s/ 39
]]] GUARNICIONES

PAPA AL HORMO

CANELONES RICOTA Y ESPINACA A LOS 4 GUESOS s/ 36
SMASH BURGER
CAMOTE FRITO

FETTUCCINI CON TROZOS DE LOMO AL FUNGHI MIXTO s/ as CAMOTE AL HORNO
CHORIBURGER
ARROZ DE LA CASA
SPAGUETTI O FETTUCCINI s/ 38 LOMITO DE CERDO 3005 PAPAS AMARILLAS FRITAS
, v LEGUMBRES A LA PARRILLA
» LEGUMBRES SALTEADAS

LASAGNA DE CARNE s/ 39 LOMITO DE CERDO 600g

PURÉ DE PAPAS
BONDIOLA DE CERDO 6009
» ESPÁRRAGOS A LA PARRILLA
TACU TACU DE PALLARES

LASAGNA DE MORCILLA s/ 39

RAVIOLES DE ALCACHOFA EN SALSA MEDITERRÁNEA s/ 37 FESTIVAL DE CERDO
MENU KIDS

s/ 37 -
6 ALITAS DE POLLO BEG + PAPAS FRITAS + CHICHA

RAVIOLES DE LA ABUELA
CHATEAUBRIAND LOMO FINO 6009 HAMBURGUESA + GUARNICIÓN + CHICHA

RAVIOLES DE LOMO SALTADO s/ 37
1/2 PECHUGA DE POLLO + GUARNICIÓN + CHICHA

S/ 36

RAVIOLES DE 2 QUESOS
PARRILLA PARA 2 PERSONAS

s/ 37 FETTUCCINI AL ALFREDO + CHICHA
teal - SALCHIPAPA + CHICHA
CHORIPAPA + CHICHA

RAVIOLES OXTAIL

"
Menu_Restaurant_002.jpg,Tesseract OCR,Menu_Restaurant_002_tesseract.txt,"DESAYUNOS erotecante eatientitos bietró SARTENES
- ; O - . ' z
. eño - * "" n .. huevos rancheros phn '
MUEVOS Y MÁS y— , ""
encalada de futas ,
amelertos vogur anl "" ..o
"". 9 ¿re de y
Ne y quees TE u
Maosra-elta tomate: y aibahaca 185 — ON
o Tacino y ques 195 yaa de tor
Esninaca y champigron 0 5
- , , COMPLET: N ARFE 7
s huevos revusitos o fritos (7 UO)
CAFE E ostadas de pan campesino — 15 - eliaico Anicon
+ queso 5 Huevos revueltos o fritos . "" Tomate, m
. món E tostadas de pan campes ' 4 s
w n
. tocino 6 café americano o eapue:
jugo de frutas” * 3 - t » "" '.m
canasta de pan campesino tresa > L
Con mantequilla y mermelada 99 - Piretto d
y _
........................... y
- "" FONDOS lasagna de came a la bolognes: — 35 * pruébala
... + - —iWizto 729 mixto caliente l pasta full meat a -
bos espinaca tomate Jamón y queso derretido. en pan ya cota emvuetta aa -
| pasta forno 26 -
> palta aderezo de de miga con chips de papas ! 9 - :__…""_ - ººf:' ': "" Q s con care , -
.aa nativas 179 | ¿aisa casera de tomates y que .
en croissant 249 | mozrarelta al horno el poltito gmm.to - .
h 26 Pruébalo con huevo 7 ; B Pechuga añada or o
sado. tomate | £ …-.a.':n k ,'/""..… Mlado con ¡amón salsa de tom "" - "" —Ñoo -
te. queso cheddar breakfast Sandwich n9 queso y espinaca sobre arrocito 3¿f' -- 1;y'¡: — : —
.do. pan de miga y HMuevo revuelto con tocino olorado con tocino crocante fresca - =.
ahumado en pan ciabatta | cnockt »'¿""_Q' d dey — »
en croissant * 3 | acompañado de gravy oe c albóndigas de la nonna -
but altado 23 l Chicken Bow! Ea Alpóndigas de came y TocIno - . -
.. » _ peanut - atumado en pasta corta -
"" estito poché. tocino y wrap chicken bbq 249 y ensaladita fresca gratinada con mozzarefa -
ftitos Pollo en cubos, tocino crocante É º;“;: í';º b ñ;':'1;;. :_""'“ "" -
_ mari, Das' "" ? - _
queso cheddar, piña y salsa ensaladita Thai 8 culantro Hawaiñan Bowt » *
sanduche de lomito ahumado — 2739 Pechuga de polio. tomates - .
- Con cebollas acarameladas sobre doble smash burger º 32 pesto basilico 34 frescos. paita. arroz y añoli de .
elta y D queso Gouda fundido, techuga y Pan Brioche, cheddar ! 'ººy'.º '_:º"";' 5*4 _º""E:ftf' f”_'º__¡_ perejt con p.ha hormeada -
tomate en pan ciabatta burger. salsa or E a _;(…;:<¿Í…e ¿aua d s d
+ — i P _ polio en salsa St. Louis —
u , D < s É ' . Le Pechuga de polio en p
J E o d""º*º"" BBQQ““'"" cheese S a ! ¡º""""""º4 ""'kk.'_ m 36 580 puré de papas y espinaca > .
> seshiachado < dade ed Tiras de lomito en salsa nuke: arroz y papitas al hilo -
>nesa papas al Mlc d ó vegetales onentales chnamp:gnones M E
satsa QO en par de ye A e "" o rroz - ..
conpalta x í¿º';º_f_º“º*º u“ ……… n
, Políito nomeado. ragu a
T . 36 -
_ E — — EE - IN ENE A de A bero.. . A . . —
ENTRADAS E $0 p - E L AS 38 * Albóndigas de res en salsa mexican - e
“ . .
- atán al cilantro, * style, base de arroz. cilantro, salsa eil
…ºº…'º * easciada de polic al homo 32 . cate, mix d esos. maz -
m 2 S npeaiado de hos 32 - ana verde. pepino, + aguacate. e quesos, maiz .
e< — ezclum de lechugas, manzana, . sazonada v pec: - amarillo y tomate cmQuIto -
mantequilla de ajo y pa-=esano : frutos secos, praline de mani y aliño plipitas, ricotia eazonada y pagants , , — b
d 10 € — . ua _
“ z 3 cup 6 oz 19- de hierbas . dogallml… z “
: ensalada del campo | 36 : tht!3'13bté receta de don Lucio T-
pastel de chocio * ensaladacaesar pasta º 36 Lechuga…h es;¡_anaca… mozzarella, * acompañada de papas amarillas bb e -
€ s < gratinado * Romana y pasta corta en Caesar tºc¡rtlo.nc 0Cxltº amencar;]o_ * arrocito alc con arroz -
! 189? mayo, chicken bites, tocino y acelhug;dpea;il;omate_ as y ———];——Ú—] l— ——————Z————————— =
= ñ - parmos rallado a DULCES BOCADOS LOS JARS .
en 'ºº'… - s _—_—_—_——_——————————— —
, nte 'º“º'*¡—' de tocino. ! ensalada pawer de pollo 34 * cachitosdehoj =. — lemon pie -
pignones y queso. Ensalada 189 ¡echuga, huevo, palta, champignon, : de hojaldre T= Crema de limón, trezos de galieta -
- Dulce de leche as 25 — a >.
"" ? tomate, tocino, zanahoria, choclo, * - Chocolate 8 CremaPastelera 45 25 merengue :takano bruiee a
pastei de aceiga * papitas, queso mozzarella, vinagreta, * - Lúcuma as 25 derrumbado de lúcuma . €
iteados al madocia “ - S 25 eS -
z>.._.… - ___ cebolitas dul-esvs a . huancaina y pechuga de pollo : Browme melcochudo, mousse de -
ue v as 1 ; s …a… lucuma y salsa de cnocolate a
5 DESSERT — -Clasico 35 19 ""T_ -
< : TARTAS, KEKES Y MUFFINS : m… 35 19 | — ME “ -
— —— i _ .-c ¡CUMA 35 19 ——ÑC — -
PIADINA SANDWICH * muffin de naranja con chocochips 119 banana € brownie 239 - H €Í;.': e ?-:¿¿—:e — .
= , : chocolate y coco -
* muffin de chocolate con chocochips 119 Brownle melcochudo, plátano, - trufas -
- salsa de chocolate, vainilla, manjar y - Chocolate / bter 35 19 -
* kekede plátano con frutos secos 95 . “
v £ y mani picado : Browne de chocolate 35 19 FREDDUCCINOS í
, ' -
amencano, queso S m 109 + Galleta chocochip € nutella us -
+ Esponjoso. con yogurt griego. - 23 cañe 14S -
» arándanos y glasé de limón Red velvet cake, cheesecake frío, LAS COPAS DE NELADO — caramel _A
caprese - s ñ 1
sa de frutos sivestres y helado .
mciio diención * tartadefresa 199 de veinila ' — “He('aua“x…¿e ::(… , hxt yn mocha 2.0 '
- 7 CO vaumila y CNOCOU con -
- r n u
aibahaca. pes 229 , t.;;;¡;(c:1 a;>aslelera ""rases y  trozos de brownie melcochudo, prahne eman *
.a anos de estación a _ * de mani, salsa de chocolate y fresa 185
hawaian pollo - apple pie 26 + crema chantilly 249 chocolate
* tarta de manzana 16 Manzanas salteadas. trozos de »
e da vedd ” A n r s
piña asa eddar , a canela, horneada en yalletas de vanilla salsa de manjas : :3ruvfbu:!… He tucuma
arella mediterránea 45 * masade galleta ? Con crumbie de hojuelas, culis de frutos ¿hocolileuma —
._ y glase de canela rojos y v » de vair 249 M
> con helado de vainilla :35 a s rojos y hetada de vamilla 243
.............. AEE CENO PP E N uLLALCRACA CU A A N TA NA R A NA N NE N NA
u — lanl — * wild garden 45 —
BEBIDAS FRIAS ICED TEAS iced tea de fresas. moras, frambuesas, CAFEÉ Y MÁS
- — pasas, manzanas y fores '
jamaica 45 .
CLÁSICOS nf ! cinnamon caramel latte
nfusión de flor de Jamaica y hierba atre con salsa de carameto 1a
luisa, manzana, zumo de naranja y .clº ºº""... u e c to 1
mojito pito 108 arandanos i D
y ” s capuccino al cioscolato
€ ' enscat as vanilta 145 Con salsa de chocolate DS
fresquito 149 Té helado. salsa de frutos del bosque Espresso intenso, leche helada y espresso
de je mang citricos y zumo de naranja aromas de Vamulla Café concentrado 25
jazo 49 y 145 caramel 145 macchiato
í — 149 Té de hierbas aromáticas, albahaca Espresso con espuma de teche Café espresso manchado cor
— zumo de naranja y miel de abejas helada y salsa de carameto espuma de teche us
uerba luisa ice 3 9
erba basilicato 145 latte
jugos de fruta Frutas tropicales, pera deshudratada ' Café espresso con un chorro de leche — 115
€ no-jito E coco 165 MU ! Caté espresso con teche
hicha v U é helado de hierba luisa, ananá y valnia 168 y espuma de leche us
chic in ' r
a y monada Merbabuena y gocce de limón fresa 18 ,
americano
chocolate 215 Caté largo a base de espre 9s

"
Menu_Restaurant_003.jpg,Tesseract OCR,Menu_Restaurant_003_tesseract.txt,"DESAYUNOS

HUEVOS Y MÁS

omelettes
Clásico

Jamón y queso

crolssants calientitos
Clásico

Chocolate

ensalada de frutas
Con yogurt, granola

Mozzarella, tomates y albahaca 18.5

Tocino y queso

Espinaca y champignon

huevos revueltos o fritos (2 unid)
y tostadas de pan campesino

* queso 5
* jamón 5
* tocino 6

veta de 1a campasino

ralada

sanduche de lomito ahumado 3

Con cebollas acaramelad

queso Gouda fundido, lec!

tomate en pan ciabatta

9 chicken BBQ grilled cheese

Cantidades ex

de queso

pechuga de pou

tocino crocant

O croc €

ensalada de p>ilo al horno 3z
Con mezc ugas, manzana
frutos secos, praline de maní y alino
de hierbas
ensalada caesar pasta º 36
Romana y pasta corta en Caesar
mayo, chicken s, tocino y
parmesano rallado
ensalada pawer de pollo 34

Lechuga, huevo, palta, champignon,
tocino, zanahoria, choclo,

queso mozzarella, vinagreta,

tomate
papitas

huancaina y pechuga de pollo

TARTAS, KEKES Y MUFFINS

muffin de naranja con ch
muffin de chocolate con

hips

119

chocochips 11.9

keke de plátano con frutos secos 9.5
keke de arándanos 10.9
ar os y glasé de limór
tarta de fresa 15.9
Con crema pastelera fresas y
arándanos de estación
tarta de manzana 16
masa de galleta

bistró

Ciabatta con huevo y tocino +
café americano o capuecino +
jugo de frutas* *

en croissant + 5

109
11.9

apaltado

€

149 y miel de abeja 21€ Tostones con palta +

19.5 americano o capuecin
jugo de frutas* *

19.5

205 INO 20O DIO

COMPLETOS

WAFFLES

15 clásico
Huevos revueltos o fritos +
tostadas de pan campesino +
café americano o capuecino +
jugo de frutas* *
99

33.9

waffles clásicos
Con miel de maple, mantequilla

waffles con frutos del bosque

blueberries, frambuesas,
fresas o zarzamoras

369

21.

Consulte por los frutos de la estación

24.9

SARTENES

huevos rancheros plus

itén re

tuvuOlt

L AMERÍCANO

TUTTE LE CARxi

Tomate, mozzarella, chorizo,

': Pizzc<a de piadina, jamón, sal de
: parmesano y mozzarella gratinada 18.9

Pruébalo < piña +2

.-n y pepperoni 249

A TU MANERA

24.9

mixto caliente FONDOS lasagna de carne a la bolognesa — 36 :
món y queso derretido, en pan a pasta full meat 29 *
P: 28
miga con chins de papas pasta e pepperoni al forno 26 asta corta envuelta en =
Pollo en cubos y pepperoni con Rossa con carne, chorizo, pollo y -
ativas 179 y pap y
. salsa casera de tomates y queso tocino ahimado ,
en croissant 24.9 mozzarella al horno i : ó
Pruéb r huevo +2 el pollito gratinato 32 -
chicken rollatini 32 Pºlºh'—ldgil de pollo bañada en ,
J . : r Filete de pollo enrollado con jamón salsa de tomates, mozzarella al s
bre J . í
s;t Sandwich 21.9 queso y espinaca sobre arrocito orégano gratinada al horno, $
vuelto con tocino colorado con tocino crocante, puré de papas amarillas y E
1ado en pan ciabatta choclito amarillo y tomates ensalada fresca .
d “ acompañado de ; -
croissant + 3 pañado de gravy de carne albóndigas de la nonna Y +
peanut Chicken Bowl 32 Albóndigas de carne y tocino +
wrap chicken bbq 249 | yensaladita fresca ahumado en pasta corta :
Pollo en cubos, tocino crocante Ailetade polio horn gratinada con mozzarella 0
queso cheddar, piña y salsa bbq y Hawaiian Bowl =
Pechuga de pollo, tomates 5
pº:l; sm¡:1$h b:rger º $ u Z 34 frescos, palta, arroz y alioli de .
a . C u S jasta corte - .
an Brioche, cheddar baked ; « R »arejil con piña horneada .
burger, salsa golf, tomate y- ea omátitos cherry y :
lechuga fresca y chips de pape pollo en salsa St. Louis 33
nativas ,.. Puchuga de pollo en crema de .
.1 I - 380 puré de papas y espinaca, -
5, champiano1 arroz y papitas al hilo ,
"" pollito creme francés 31
£ i Pollito horneado, ragú cremoso -
? . dechampignones, papitas :
noiAcororardectión: » .edoaeciia» DuUrtito S0Ól 36 amarillas con arrocito .
tuna salad (__ÍV 35 Aibóndigas de res en salsa mexican a
Nix de techugas, 3' uñal cilántro * style, buse de arroz, cilantro, salsa estofado del abuelo 34 :
' "" e aececaro riide quesos mai Medallones de res cocidos a baja .
tomatitos, manzana verde, pepino » aguacate, m quesos, maiz temperatura, papas y arrocito +
papitas, ricotta sazonada y pecanas + amarillo y tomate chiquito :
y ñ linas tt: 28 lomito al jugo 32 -
* aji de gallina € papitas Bowl de lomito al jugo de taberna, =
ensalada del campo Entrañable receta de don Lucio pan de la casa, …áagslugºysu .
Lechuga, espinaca, mozzarella, * acompañada de papas amarillas bb toque de picantito s
tocino, choclito americano, * y arrocito Pruébalo con arroz +2 »
aceituna, palta, tomate, huevo - :
echuga de pollo . .
Ael : DULCES BOCADOS LOS JARS :
, , a lemon pie 145 -
+ cachitos de hojaldre 45 25 Crema de limón, trozos de galleta, .
+ - Dulce de leche 45 2 merengue italiano brulée -
* -Chocolate 8 Crema Pastelera 4.5 25 N .
* - Lúcuma 45 25 derrumbado de lúcuma 185 .-
. Brownie melcochudo, mousse de .
* alfajores de maicena lúcuma y salsa de chocolate -
DESSENE -O T — ¿ A
- — 35 19 Bizcotelas húmedas en café .
b: eb A 239 : Chocolúcuma 3 y marsala, crema de tiramisu, -
anana € brownle . chocolate y cocoa
Brownie melcochudo, plátano, - truhfas 5 35 19 a
. -C late / bitter .
salsa de chocolate, vainilla, manjar e = CAOOO :
y maní picado : Brownie de chocolate 3.5 19 Fmb… .
+ Galleta chocochip € nutella 11.9 :
. café 145 :
dolce waffle < .
. ELADO y
Red velvet cake, cheesecake frio, . LAS COPAS DE HEL caramel 17 :
salsa de frutos silvestres y helado * derrumbado de chocolate mocha 2.0 -
de vainilla + Helado de vainilla y chocolate con nutellado o *
- trozos de brownie melcochudo, praliné 185 .
* de mani, salsa de chocolate y fresa -
de apple pie 26 - crema chantilly 249 chocolate 8
M nas salteadas, trozos de a Ú
Manzanas salteadas * strawberry madness lúcuma
galletas de vanilla, salsa de manjar + Con crumble de hojuelas, culis de frutos  chocolúcuma

y glase de c anela

¡ ¡ ra Té 1isa, Manzanilla.
wild garden 14.5
ICED TEAS Iced tea de fresas, moras frambuesas WCAFFE*Y MAS P q Anis. Black Tea
ñás pasas, manzanas y flores D
. simaerTos AUN CHOCOLATE CALIENTE PREMIUM
r Y Latte con salsa de caramelo 14 -
je Jamaica y hierba Ad sD
, ' COFFEES ae
guio n OND capuecino al cioccolato chocolate bitter
"" Con salsa de chocolate 13
Ta.£ vanilla 14.5 Cacao al 73%, leche, mini mars
q , Espresso intenso leche helada y espresso "" —
a de frutos del bosque aromas de Vainilla Café concentrado 9 — .
C y zumo de naranja —
5 macchiato
h 14.5 caramo! "" Café espresso manchado con
. rmony Espresso con espuma de leche de lecho 1.5
e T6 de Mamar momiticas ; i chocolate de leche
"" ,| bejas helada y salsa de € aramelo
de naranja y f e y2 a 21as
latte C 10a i
besilicato 14 Café espresso con un chorro deleche 115 .
Frutas trapinees, para A Se MILKSHAKES capuecino e
e , — Café espresso con lef he
j ini 165 y espuma de leche 1.5
no-jito 8 coco vainilla
lo ml é o U fresa 16 americano

rojos y helado de vainilla

chocolate

1.5 Cate

largc

º cheesecake 2

º choco brownie 2

º apple pie

Trozos de chees
diplomática y sal
rojos

Relleno de brownie melcochudo
mousse de chocolate bitter
salsa de avellanas y jalea

de naranja

Con manzanas salteadas, s
de dulce de leche y praliné
maní

als
de

CHEESECAKES Y TORTAS

(PORCIÓN)

carrot cake
Con zanahoria y especies, frosting
manjar blanco y chocolate blanco

new york cheesecake
Crema de queso, trozos de fresas
y salsa de fresas al horno

oreo dream cheesecake

Base de galletas Oreo, crema
de queso y tropezones de más
galleta Oreo

torta de chocolate
Clásica con fudge y manjar blanco
húmeda a nuestro estilo
con helado de vainilla

INFUSIONES QUINTA ESENCIA

!
Y
7

free and easy
Hinojo, manzanilla, gengiDr€
y manzana

blood orange

Naranjas rojas del medit

grandma's garden
Fresas, moras, frambuesas

pasas, manzanas y flores

a base €

"
Menu_Restaurant_001.jpg,Tesseract OCR,Menu_Restaurant_001_tesseract.txt,"FE Y a —

17

NEW YORK CHEESECAKE 19
CHEESECAKE MARMOLEADO 17

/ CHEESECAKE DE OREO 17 ¿
w d Cor ganache de cnoco ote ;El
CHEESECAKE DE CHOCOLATE 17

n movusse

. JUSSe

de lucuma

BISTEC APANADO FRANCÉS 35

Bistec de_ camne apanado, salsa de champiñones,
papas fritas y arroz con choclo.

MILANESA NAPOLITANA 38
Milanesa al pomodoro, jamón y queso mozarella

gratinado, acompañado de papas fritas o ensalada

de lechuga, zanahoria, tomate y rabanito con

vinagreta balsámica.

Chavfa de
alitas coreanas
ARROZ CON CHANCHO 40
Panceto de cerdo, arroz amarillo, frijol, plátano frito,
huevo frito, mayonesa de ají, ensalada de rabanito y
zanahona

SUPREMA DE POLLO EZ3 34
ESCABECHADA A LO POBRE

Milonesa de polio a lo pobre en salsa escabechada y
polta

POLLO CRIOLLO | 26
Filete de pierna en su jugo, arroz amarillo
criollo y ensalada rusa Bocatta.

AEROPUERTO DE QUINUA 30
CHIJAUKAY

i i fideo
Mix de quinua al wok con verduras,
crocante, pollo chijaukay y tortilla cremosa.

| . CHAUFA DE ALITAS COREANAS 28
r = Ú ' : Alitas coreanas con un toque picante y dukt:e.
a_ _. ' ” chavfa blanco con verduras, fideos crocantes

acompañado de nabo encurtido.

"
Menu_Chifa_001.jpg,Tesseract OCR,Menu_Chifa_001_tesseract.txt,"e e
' r

"
Menu_Chifa_002.jpg,Tesseract OCR,Menu_Chifa_002_tesseract.txt,
Menu_Cafeteria_001.jpg,Tesseract OCR,Menu_Cafeteria_001_tesseract.txt,"- s r. ""= "".

. a re
CAFES

s/ 9.00 S/ 14.00
S/ 8.00 5/ 1800
s/ 8.00 S/ 16.00
S/ 1100 Da U S/10.00
S/ 14.00 3ranjeos S/10.00
— S/ 10.00 Cmucha MOrada S/ 900
, . q "" ema S/ 11.00 Maracuya S 9.00
- a ,A . , S/ 1200 LImonBaoa S/ 10.00
É “x E 1 _g S/ 15.00 De hierba buens S/ 14.00
ece condes De fresa y menta S/ 14.00
V ' TT é helado S/ 800
- Moka especia S/ 15.00 MKsnare S/24.00
PIQUEOS Chocolate ? *” :_; »gue emboteaos S/ 6.00
Chocolate crema S/ 1200
Piqueo Sarcletti
Chicharrón de pc ced americano NUEVO S/ 1100
Chicharrón de pol ed latte NUEVO S/ 1400
dc ¡ced caramel NUEVO / 16.00 INFUSIONES
""m ced moka NUEVO s/ 16.00
o é latte frapp y / 1700 T6 aría menzanila y otros — S/ 6.00
ocolate frappe 5/ 1700 Té especias a S/10.00
Yuquitas fritas Caramel frappé NUEVO 5/ 1700 e 3 Eadrsa
Tequeños de jamé Moka frappét NUEVO S/ 1700
Tequeños de ques Catfé helad: 5/ 200 T6 nagro
Tequeños de lomc Anc — Mesverty Tes S/12.00
Té verde
*Descatemado adiciona s/ 15 - 0de 5/12.00
BAR Ae M 7 U poctal Cn PO

Coctéles con h *Adicional: leche de S/ 300 a Pea 5/ 12.00
Piña colada Sarcie

Daiquirí Sarcletti Frutales
Sour Sarcletti ; INoma s Garder 5/ 12.00
Algarrobina Sarcle © f, Apple Strude s/ 12.00
Coctéles clásic _,/ 0 — 5/12.00
Cuba libre DOO 8/12.00
Chilcano clásico o
Mojito FROZEN
Daiquirí
Pisco sour Limonadia 5/ 13.00

Simple — y “-

Doble 4 Chicha morada S/ 12.00 CERVEZAS
Piña colada Maracuyá S/ 12.00
Algarrobina Fresa S/ 15.00 Cusqueña 5/ 12.00

Durazno S/ 15.00 de , 12'£

PASTELERÍ/ Frozan Sarcien S/ 15.00 d s/15.00
Brownie con fudge
Carrot cake
Cheesecake

Cheesecake de
Crema volteada
Enrollado de chirim
Pie de limón

Pie de manzana
Tiramisú

Torta de chocolate E
Tres leches í
Selva negra ,

;

DESAYUN

*Hasta el medio día

Continental

Jugo a t“|v…'u… ciÓón. ca

Americano
Huevos revueltos cr

Sarcletti
Café, omelette de |
y jugo a elección

Criollo
Chicharrón, camot:
*(Adicional de tar

Huevos fritos, re
Con tomate a la r
Con champiñone

Huachano NUEV
Huevos revueltos Cr
y jugo a elección

Omelette mixto
Omelette vegeta

Ensalada de frut:
Con yogurt y miel
Con yogurt, miel y

TOSTONES

Palta
Palta con huevo '

Benedictinos NUÍ
Pan de la casa con '
tocino y salsa

Pan de la casa con ""

"
Menu_Cafeteria_002.jpg,Tesseract OCR,Menu_Cafeteria_002_tesseract.txt,"IS

90
10 “.
1400

5/ 14.00

5/ 14.00

5/ 800

5/24.00

5/ 600

5/ 600

5/ 6.00
5/10.00

5/12.00

5/12.00

5/12.00

5/12.00
5/12.00
5/12.00
5/12.00

S/ 12.00
S/ 12.00
S/ 13.00
S/ 15.00
S/ 15.00

“ — - ' -
Hasta el medio día

Continental

J')…j a —¡— o
no E . Ca = y SI U '

Americano

Huevos revueltos con ¡am. '
— - “S CONjamóninglés tostaria: ..
, tostadas, café y JUgo a elección

Sarcletti

Café Omelette de iamá glés =e
Z - ,tt,'d, 71ON INglés y queso Edam, tostadas
y JUgo a elección '

Criollo

Chicharrón, camote eales criolla pan saf '
a arrón, Camote, salsa crio “ PEN, Caré y jugo a elección

*(Adicional de tamal de polic

Huevos fritos, revueltos o pasados
Con tomate 8 la plancha o tamán in ys Jueso Edam

Con (,h;¡f7|¡ IfONEeS saltes Yar LOCINC

Huachano NUEVO

Huevos revueltos con salct ha huacho, pan de la casa. café
y JUGo a eleoción

Omelette mixto

Omelette vegetariano

Ensalada de frutas
Con yogurt y miel
Con yogurt, miel y granola

Simple
TOSTONES
S/ 12.00
Palta 5/14.00
Palta con huevo revuelto NUEVO
S/15.00
¡ NUEVO de P
gaenn:edl;cctaigao:on huevo pochado, jamón inglés,
tocino y salsa holandesa.
s/14.00
tti NUEVO 4
3:nrg:aºla casa con huevo pochañoágsgr:?nc;a e
salsa blanca, brotes de alfalfa y q A
ó I.dienglce::a £Eh:/¡gvo frito a la inglesa. jamón inglés,
23290 Edam y brotes de aelfa.

S/ 19.00

S/29.00

S/ 32.00

S/42.00
S/ 8.00
S/ 9.00
S/ 14.00
S/ 16.00

S/34.00

5/ 19.00
5/ 19.00
5/ 16.00

s/ 19.00
5/ 21.00

Doble

s/ 20.00
S/ 24.00

s/ 25.00

s/24.00

s/25.00
"
Menu_Jugueria_001.jpg,Tesseract OCR,Menu_Jugueria_001_tesseract.txt,"N
Jugos

naranja

papaya

Melón

Maracuya

mango

piña golden L

piña golden con platano ..
surtido (papaya, plátano, piña
golden, melón, fresa y un toque
de beterraga)
Fresa

special

Jurtidos. COMmaca
E e -

,.

rañadilla

_-
con |

—

'.º'r-vehfáñaya;í¿:w.ppá' s
Rojos

rl

-

a

—

papaya con melón 191 S/ 27.90
papaya con fresa S/ 14.90 S/ 27.30
Papaya con naranja S/ 14.90 | S/ 27.90
papaya con piña S/ 14.90 | S/ 27.90
piña con frambuesa S/ 15.99 | S/ 28.9%0
Piña con Maracuya S/ 15.90 í S/ 28.90
Melón con limón S/ 15.90 e S/ 28.90
Maracuya con mango S/ 15.90 . S/ 28.90
Tuna S/ 15.90 | s/ 28.90
Chirimoya, granadilla y mango S/ 15.90 S/ 28.90
piña golden, granadilla y naranja S/ 15.90 S/ 28.90
Lúcuma con naranja S/ 15.90 S/ 28.90
Palta, aguaymanto, naranja y un S/ 15.90 S/ 28.90
toque de limón
Frutos Rojos (fresa, frambuesa S/ 15.90 S/ 28.90
y arándanos)
Arma tu jugo (mín 2, máx 4 frutas) S/ 15.90 S/ 28.90
Añadir Tapiocas +1.50 +1.50
ESPECIA!|
CON LECHE 1/2.TW 1.T
Especial de frutas con leche S/ 16.90 “¡ S/ 29.90
Fresa con leche S/ 16.90 | 5/29.90 Refréscate
Plátano con leche 5/ 16.90 i S/ 29.9 con un JUGO*
Mango con leche S/ 16.90 1 S/ 29.90 h€Ch0 1ººo/º de
Papaya con leche S/ 16.90 S/ 29.90
Melón con leche S/ 16.90 S/ 29.90
Lúcuma con leche S/ 16.90 S/ 29.90
Chirimoya con leche S/ 1690 S/ 29.90
Fresa con arándano y leche S/ 16.90 S/ 29.90
Mango y lúcuma con leche S/ 16.90 S/ 29.90
Chirimoya y fresa con leche S/16.90 | $/29.90
Papaya, lúcuma y mango con leche S/ 16.£ S/ 29.90
Arma tu jugo (mín 2, máx 4 frutas) S/16.90 | $/ 29.90
Leche de almendras o Avena

+S/ 1.50

—

+S/ 1.50

n

J

"
Menu_Jugueria_002.jpg,Tesseract OCR,Menu_Jugueria_002_tesseract.txt,"Jugos

Especial de maltina
0, lUcl
jevo canela miel

alátan ma_ leche
¡PF¡""FXF D ata ( ec
, !
cerveza negra,

N
va CF""Ó:"" 1a

Ponche de maltina

eche, cerveza negra huevo
. -
…

anela, miel y algarrobina)

Cal c

Especial Dolche Fruta
»látano, lúcuma, fresa,

beterraga, espinaca,

zanahoria,
he, mie! y algarrobina)

ar
..

Especial de Frutas con Maca
-va, plátano, lúcuma, fresa,

¡cuma y MaNYO con maca

[

Lúcuma y chirimoya con maca

Frutos Rojos (Fresa, Frambuesa y Arándanos)
Chirimango (Chirimoya y Mango)
Chiripiña (Chirimoya y Piña Golden)

Tropical (Mango con Piña Golden)

Granadilla

Piña

Maracuya

Mango

Melón con fresa
Mango con naranja
Maracuyá con Mango
Piña con chirimoya
Piña con frambuesa
Piña con maracuya
Mango, granadilla y chirimoya
mango y melón

-r

Arma tu frozen (mín 2, máx 4 frutas)

U U

oO ó

S/ 30.90
S/ 30.90

500 ml

S/ 16.90
S/ 16.90
S/ 16.90
S/ 16.90

"
Menu_Jugueria_003.jpg,Tesseract OCR,Menu_Jugueria_003_tesseract.txt,"ohtundente5

ENSALADAS DE FRUTA

Ensalada de Frutas Clásica
Mix de frutas (Papaya, piña golden, plátano seda, melón,
fresa, mango, chirimoya, tuna, kiwi, arándano y aguaymanto)
Ensalada de Frutas Tropical
Mix de frutas (Papaya, piña golden, plátano seda, lúcuma ,Nm_y
chirimoya, kiwi y aguaymanto) + jugo de naranja y miel de abeja
Agregar Topping
Frutos secos: pasas, pecanas y almendra
1 bola de helado

Trío Frutero Clásico

Mango, plátano, papaya, pera, naranja, piña golden y fresa
Trío Frutero Super
Chirimoya, mango, kiwi, plátano, piña golden y fresa

Arma tu trío frutero (elige 6 frutas distintas)

MEDIANO GRANDE

S/ 23.90

S/ 24.90

NU

S/ 3.90
S/ 4.90

MILKSHAKE

UNIDAD Y

Milshake de lúcuma con brownie S/ 16.90

Milshake almendrado S/ 16.90

Milshake fresa

S/ 16.90

'ñ FAN (jux
msr&º

/ 2690

S/ 25.90

S/ 26.90

()

S/ 3.90
S/ 4.90

S/ 26.90

S/ 26.90

Mixto qu'
pan molde
sandwic
pan ciabat!
Pan con
Pan ciabat
sandwi
Pan ciaba
Pan cor
Pan ciab:
Pan co
Pan ciab
Pancr
Mixto
Pan M
Sand
Pan cie
Pan *
yun
Club
(2 trig
huevi
"
Menu_Jugueria_004.jpg,Tesseract OCR,Menu_Jugueria_004_tesseract.txt,"Contundentes

EXTRACTOS
SALUDABLES

*RO ZUMO DI ERUTAY VERDURAS)
PL A

e l-4¡oad0 (Balsamina, zanahoria, pepino y papaya)

los Huesos (Camu Camu, naranja, aguaymantoyzanahorua)

o

Para e —voiesterol 'Piña, berenjena, caigua, apio y yacón)

»
Reterrade
manzana
Diña ¿…¡.¡¡ el
para la L49*100|0b|ñ6 (Zanahoria, beterraga, espinaca, alfalfa, pimiento y camote)
Dara la Gastritis (Noni, zanahoria, pepino, sanky y penka de tuna)

Dara la Presión (Piña y perejíl)
'”*…x|dante “Arándano, pera y piña golden)
Extracto Ant¡ñamator¡o (Kion, menta, zanahoria, piña y aguaymanto)

Extracto verde (Penke de tuna, sanky, caigua, pepino, apio, manzana verde y espinaca)

YOGURES 1 VASO W

Fresa Kids con Leche condensada S/ 14.90

Mango Kids con Leche condensada S/ 14.90

Fruta libre kids con Leche condensada S/ 14.90
Yogurt de Fresa S/ 14.90
Yogurt de Aguaymanto S/ 14.90
Yogurt de Frutos del Bosque S/ 14.90
Yogurt Natural S/ 14.90
Yogur Griego S/ 15.90
Yogurt con Frutas S/ 16.90
(papaya, chirimoya y fresa)
Yogur con Frutos Secos S/ 16.90
(pecanas, pasas y almendras)

S/ 17.90

Yogur Dolche Fruta

(granola, frutos secos, frutos rojos y Agave)

OGURES VIENEN ACOMPAÑADOS DE:

1/4.T

1.Y y0
S/ 14.930 7 3
5/ 14.30 S/ 17.3%
S/ 14.930 S/ 17.30
S/ 14.930 S/ 17.%
S/ 14.30 S/ 17.30
S/ 14.930 S/ 17.930
S/ 14.30 S/ 17.30
S/ 14.30 S/ 17.30
S/ 14.30 S/ 17.30
S/ 14.30 S/ 17.30
"
Menu_Jugueria_005.jpg,Tesseract OCR,Menu_Jugueria_005_tesseract.txt,"—

Gustos
gustosos

sandwich de pollo deshilachado
abatta o pan hambuguesa + s .2.00 Pan Croissant

pana
Mixto queso edam y jamón inglés
intearal 0 pan molde blanco

pan molde
sandwich de pollo deshilachado con piña
jabatta o pan hambuguesa + s/.2.00 Pan Croissant

pan Clé
pPan con pollo deshilachado con durazno
pan ciabatta o pan hambuguesa + s/.2.00 Pan Croissant

Ssandwich de pollo deshilachado con palta y ajonjolí

pan ciabatta o pan hambuguesa

pan con pollo durazno, piña y pecanas

Pan ciabatta o pan hambuguesa + s/.2.00 Pan Croissant

pPan con pollo con apio y espinaca

Pan ciabatta o pan hambuguesa + s/.2.00 Pan Croissant

Pan croissant con jamón y doble queso S/ 15.90
Mixto queso edam (doble) y jamón inglés (doble) S/ 15.90
Pan molde integral o pan molde blanco
Sandwich de pollo deshilachado royal S/ 16.90
Pan ciabatta o pan hambuguesa
Pan Caprese con queso mozzarella, tomate, albahaca S/ 16.90
y un toque de aceite de oliva - Pan integral

i e A
S/ 15.90

Club Sandwich Clásico S/ 28.90
(2 triples de pollo bañado en mayonesa, jamón, queso,

X .
huevo, tocino, lechuga y papas lays nativas)

UNIDAD

Jamón, queso y huevo frito S/ 13.90
Espinaca, huevo frito y tomate S/ 13.90
Jamón, pollo y queso S/ 13.90
Pollo, huevo frito y aceítuna S/ 13.90
Jamón, pollo y durazno S/ 14.90
Jamón, pollo y huevo frito S/ 14.90
Pollo, palta y durazno S/ 14.90
Pollo, huevo frito y palta S/ 14.90

S/ 1590

Pollo con apio, huevo frito y palta
Pollo con apio, palta y durazno
Pollo, pollo y pollo contundente —

Armatutriple _

_ —
B 7

"
Menu_Jugueria_006.jpg,Tesseract OCR,Menu_Jugueria_006_tesseract.txt,"ustos
ustosos

con medio l imón)

Empanada de pollo (
edio limón)

Empanada de carne (con m

POSTRES UNIDAD
Gelatina de Fresa S/ 7,90
Gelatina con Flan S/ 10.90
Keke de Higo S/ 10.90
Keke de Zanahoria S/ 10,.90
Torta de Chocolate S/ 15.90

S/ 15.90

Torta de Pecanas
(rellena y bañada con manjar blanco)

Torta de Pera con frutos secos S/ 15.90

Pastel de acelga S/ 15.90
(Suave masa rellena con acelga y huevo)
Torta de Chocolate con helado artesanal S/ 18.90
Torta de Chocolate con frutas S/ 18.90
(Fresa, frambuesa y arándanos)
Lúcuma con Brownie S/ 8.90 S/ 16.90
Almendrado S/ 8.90 S/ 16.90
Fresa S/ 8.90 S/ 16.90
BEBIDAS UNIDAD
Agua Mineral sín gas 500 ml S/ 4.00
Agua Mineral con gas 500ml S/ 4.00
Inka Cola 500ml S/ 4.50 ºQUIERES
ENDULZAR TU ».

Coca Cola 500ml S/ 4.50
¡UN MELADITO!
"
Menu_Jugueria_007.jpg,Tesseract OCR,Menu_Jugueria_007_tesseract.txt,"— — —

5)

Colores de la naturaleza

9.90

h </ 9,90
! la 5/ 9.90
'x':""'” £ a
[nfusiones digestivas
1.ña celest S/ 9.90
na cerEs a >
..5 hierba buena anis Y cáscara de naranja)
-adrón del MmonNte S/ 9.90
unias de cedrón, fior blanca Y rosas)
aa del alta S/ 9.90
gias de Coce
sendito emoliente S/ 9.90
Cebada, boldo piña, cola de caballo y linaza)
Infusiones s frutales
Tentación de los andes S/ 9.90
'5:”5?::5¿£:º€3 - rosas y anís)
Templo de SO | S/ 9.90
Té verde y petalos 0€ aciano)

Un vaso de jugo ( papay urtido o Mango)

+ 1 empanada

COMBO 2 ,
n vaso de jugo (Naranja, papaya, surtido o mango)

+ 1 de keke (Higo o zanahoria)
COMBO 3 9 26.9U
(Naranja, papaya, surtido o Mango)
de pecanas o 1 torta de chocolate o 1 torta

de pera o 1 pastel de acelga

COMBO 4

Un café americano o Cappuecino + 1 empanada
COMBO 5 / 22.)
Un vaso de jugo ( papaya, surtido o mango)

+ 1 sandwich de pollo deshilachado 0
1 mixto de jamón con queso edam

Un vaso de jugo
-

T

(.

S/ 18,90

xl¡n

4 w¿.….]

MUNDO CAFÉ

UMNIDAD

Café Americano simple
Café Americano doble
Cappuccino ;
Chocolate (con 100% S/ 10.90
de polvo de cacao)
Chocomaca con Leche
Frappe de Algarrobina
Frappe de Moca
Frappe de Oreo
Frappe de Caramel

-

-
-
») 1
—
-
-

AE ...

"
Menu_Pasteleria_001.jpg,Tesseract OCR,Menu_Pasteleria_001_tesseract.txt,"eÁNILIEN
067 /S í
eyo!
067 /S epezo %U 14*70)
06€ /S (e109 2207 /e10X e2u) seso9seI
06'8/S sepejows17
o6:L /S (esa1g euld e£edeg) op1TINS osn(
o6L 1S esedeg op osnl
o6L [S ay227 UO ES9IT ap oanf
... seng sep199d Á sognf —
«quewÁenSe Á euid «oSuew) pea1don 1222pIeIy «(sa10 Á
euezuew “euid *oones) ejepesa e1a[Ip109 *eLININ 2P 2INQ+s
o6'L [S ..mw—m…uwmmm souorsnju
""esin equary “solog somig oeey 'sIuy “expuezueW '0182uL,
065 /S SeJIser9 souorsnul
o6L S ayuerey 18109049
o6L 1S ouUIILION
o6L 1S ournddey
069 1S oueJIIWYy 2729
069 [S

osa1dxg

uedur
¿uu |dWIEY9 uo> ojjod *P” S
069 IS i eIXIIN epeuedw
069 1S Su T 2P epeuedw
069 S orjod ?P u…:…:a&:…—
069 IS sure9 *P epeuedw
069 1S
. sepeuedw —
es 91d
066 1S uu p 1d
066 /S
a1e 1072049
066 /S
ewn9nj020U9
066 /S 342| SAIL
S
066 /S “
oe
O6'II /S . ”
... saejgesIeyany —
06L /S uguirT p viaIPINL
o6L /S euezuew *P eja|eneL
o6L /S esa14 ap erarenL
07'8 /S ouzemag/es?14 *P seloyTTW
o7'8 /S esa14 ap 922259949
07'8 /S eÁn9eIeW IP a y22989949
o7'8 [S v19aN eaJ9S 2MO
“Anueyo Á refuetu “eaue) p anbo; un
: uo9 .v.o£uu— € p G_UNNE uo OÚUE—.¿£ OSUOUN…Q
07'8 /S el[TUIeA SOY227 s9L.L PIOL
í 3901 odn o1asez a8pnj uo> opawWny aay
078 1S aje[090U *p eNoL
07'8/8 “efueul Á Sunsoy “sanadsa Á enoyeuez UO

9e7 101183

ej10 ] 9p sSUONIIO

199e[d un sa oloyue epes apuog

VIYLSIN Vd

066 /S

066 /S

o6'L /S
o6'L /S
o6'L /S

o6'I1 /S

O6'I1 /S

O6""I1 /S

o6'II /S

O6""II /S

O6'II /S

O6""II /S

0671 /S

0691 /S

0677 /S

, ure11o u£u…:d
osanb uo9 0|2049 ?P 1291sed
eS 22V *P 191Sed

soperes s91ISPd .……3,

“opeypeNrus P opfod «YHuzvIna
ouzema 1A44L

-esaUOÁRIN ._w_uvmmu uguef

psouoÁRIN “opeyoo9ues osany “WEPA osanb “feraadsa ugue(

osandD Á uE adl

. SUAL

-e9uejq elroqa? «mo1SeurA 'OULQM ued “enard ap opeuimur uotue(

exnaeg op UQUIE( IP Y2IMPUYS

“epmbanuev 9P oeo U9 «usauoXAetu Á opeyaenusap ofjod

opjod p 0N

-eneqer ued ejforo estes “oupueyo ap 2199UPd

e1o9ued YIIMPUES

“eypmbarueva ap 0113e9 «wuepg osanb *ouesa11r ugue(

osand Á ugure( ap 0NP

's99ue1 ued “erjoqas p estes 'sred 19p UQUIEÍ
e1eynng
""e199e30j ed “erjarezour osanb *auorud esuejq erOqa? '0ysad estes

ouerer] YIIMPULS

""eded ap ued “eppayo osanb 'sopyo1d “opese osPg
eo STuUed O—…aw0 —N OsEd 01 ;U—3U:Nw
""sejanfoy us seded ap o
| A peuedwooy :ap ow ap ue 1 0u “ese p
opeupermysap orjod eanyoa] .u.mEo…__Em_…w o….…:i… .__.u…w_!._““……__…ww_w…

y2Impues qn[9
UYIMPUES

1d V
9 y.

IO
1 Y

'd y
AZ

"
Menu_Cebicheria_001.jpg,Tesseract OCR,Menu_Cebicheria_001_tesseract.txt,"Ea Sal

- y
>M

R[SÍAU.ANÍ»(.F.Í(¡”FR|A _

FUENTES (Para 2 personas)

ENTRADA
LECHE DE TIGRE 15.00
CAUSA PULPA DE CANGREJO 34.00
CAUSA BALLESTAS (Lang, calamar, pulpa c angrejo) 35.00
FLAUTITA LAS BALLESTAS ($ Und.) 34.00
| CONCHITA A LA CHAL CA ($ Und.) 30.00
| PULPO ALOLN 41.00
CONCHITAS 3
CALDOS Y Sur .
CONCENTRADO DE PESC: T
CHUPE DE CORVINA 33.00
CHUPE DE LANGOSTINOS 39.00
AGUADITO DE MARISCOS 39.00
PARIHUELA 42.00
CEBICHES
DE PESCADO 38.00
MIXTO 40.00
DE CORVINA 46.00
LAS BALLESTAS DE CORVINA (+ calamar, langost, pulpo) 50.00
64.00

DE LENGUADO
LAS BALLESTAS DE LENGUADO (+ calamar, langost, pulpo) 68.00

TIRADITOS

CORVINA 46.00

LAS BALLESTAS DE CORVINA (+ calamar, langost, pulpo) — 50.00
64.00

LENGUADO
LAS BALLESTAS DE LENGUADO (+ calamar, langost, pulpo) 68.00

RONDAS
FRIO (Tiradito, Causa, Conchita Chalaca, Cebiche) 75.00

CALIENTE (Chicharrón, Parmesana, Flautita, Ajillo) 75.00

P .
=2 A

CEBICHE DE PESCADO
CEBICHE MIXTO
CHICHARRON DE PESCADO
CHICHARRON MIXTO
JALEA PESCADO

JALEA MIXTA

| ARROZ CON MARISCOS

CHAUFA DE PESCADO

' CHAUFA DE MARISCOS

SECRETO LAS BALLESTAS
SALTADITO ORIENTAL
LANGOSTINOS AL AJILLO
MARINO AL AJILLO
SALTADO A LA CRIOLLA LAS BALLESTAS
PICANTE DE MARISCOS CON FETTUCCINES

41.00
42.00
41.00
41.00
41.00

SALTADO MARINO ESPECIAL CON FETTUCCINES 41.00

PESCADO ENTERO (Chita, Robalo, Cabrilla)

SUDADA

SUDADA LAS BALLESTAS
FRITO AL AJO (Hojuelas o salsa)
A LO MACHO

FILETES
A LA PLANCHA O FRITO
SALTADO A LA CRIOLLA
A LA MILANESA
A LA CHORRILLANA
AL AJO
EN TAUSI MENSI
EN SALSA DE LANGOSTINOS
A LO MACHO

q¡'º
N
N
('ºº9º

43.00 64.00
43.00 64.00
44.00 65.00
44.00 65.00
44.00 65.00
44.00 65.00
48.00 69.00
48.00 69.00 —

"
Menu_Cebicheria_002.jpg,Tesseract OCR,Menu_Cebicheria_002_tesseract.txt,"Ea OSalets

RESTAURANT-.CEBICHERIA

ARROCES
ARROZ CON MARISCOS
ARROZ CON LANGOSTINOS 40.00

CHAUFA DE POLLO
POLLO A LA PLANCHA 25.00
POLLO SALTADO
POLLO EN TAUSI MENSI 26.00
POLLO A LA MILANESA

CHAUFA DE MARISCOS
CHAUFA DE PESCADO
CHAUFA DE LANGOSTINOS

CARNE
LOMO SALTADO 28.00

SUDADOS
' DE PESCADO Y N

tISCOS

DE CORVINA 441 | FETTUCCINE SALTADO 28.00
LAS BALLESTAS >í CORVINA (*) 48.00 - | GUARNICION
DE LENGUADO 65.00 . | PAPA DORADA 4.00
LAS BALLESTAS DE LENGUADO (*) 69.00 ARROZ 5.00
h (*) Pulpo, Calamar, Langostinos, Concha de Abanico CAMOTE 5.00
TONTILLAS PAPAS FRITAS 6.00
siminarión 28:00 YUCAS FRITAS 6.00
ESPECIAL LAS BALLESTAS (Puipo, Calamar, Langostino, Abanico) 38.00 ENAU M
DE LANGOSTINOS 39.00
CHICHARRONES DUO (2 a su elección) 39.00
PESCADO 40.00 TRIO (3 a su elección) 51.00
MIXTO * 42.00 Opciones:
CALAMARES 55.00 - . Cebiche pescado
JALEA DE PESCADO 41.00 - Chicharrón de pescado -
"" - Chicharrón de pota
JALEA MIXTA 43.00 - Arroz con mariscos
POTA 38.00 - Chaufa de mariscos
- Chaufa de pescado
PICANTES
DE MARISCOS 37.00
MIXTO (pescado y mariscos) 38.00
DE LANGOSTINOS 40.00
PASTAS
TIMBAL DE CHAMPIÑONES 35.00
TIMBAL DE LANGOSTINOS

Av. Oscar R. Benavides (Ex Colonial) 5087 - Callao
"
Menu_Menu_002.jpg,Tesseract OCR,Menu_Menu_002_tesseract.txt,"Conoce todas nuestras
opciones y elige

tufaorita

v Clásica
y Balsámica
y Ligera

Responder

"
Menu_Menu_003.jpg,Tesseract OCR,Menu_Menu_003_tesseract.txt,"8:31 ..l

, MENÚ DE Ú e HOy -

lM — JUEVES —

Entrada:
Causa de Atún

E 63

Filete de Pollo al orégano
con Pallares y Arroz

Jmágenes referenciales

Postre y bebida de la casa

Responder

e
"
Menu_Menu_001.jpg,Tesseract OCR,Menu_Menu_001_tesseract.txt,"Menu 2 Piso

8:12a. m.

VEGETARIANO
Ingredientes:

Arroz

Choclo dulce
Zanahoria rallada
Col morada

Palta

Queso fresco

Chips de wantán

Ingredientes:
Arroz

Choclo dulce
Zanahoria rallada
Tomate

Palta

Col morada

Pollo a la plancha
q Chips de wantán

Pídelo por S/. 18
incluye refresco del día

Responder

"
Menu_Pizzeria_001.jpg,Tesseract OCR,Menu_Pizzeria_001_tesseract.txt,"Personal Mediána Familiar

Mixta 5/23 5/34 S/54

alchicha, chorizo, jamón, pepperoni, champiñón,

salsa de tomate.

Americana s/20 s/30 s/40 s/50

Salchicha Viena, jamón, chorizo, salsa de tomate.

s/20 s/30 s/40 s/50

Clasica
Rodajas de tomate, salchicha, cabanosi, salsa de tomate.

s/20 s/30 s/40 s/50

Hawaina
Piña, jamon, salsa de tomate.

s/23 s/33 s/43 Ss/53

Vegetariana

Rodajas de tomate, zuquini, pimentón, aceitunas, cebolla, champiñón, espinacas,

salsa de tomate.
-5/50

Margaritá s/20 s/30 s/40

Rodajas de tomate, albahaca, salsa de tor:ate.
Trogical s/22 s/32 N
Duraznó, piña, salsa dulce.

Camqueñita s123 Sa

Fresas, plátano, piña, leche conde 5241 eB la, sales dulce.
5/28 $/34 s)44 sisa

742 s752

smá3 s/53

Miskicha
Qurazrio, aSuaymarito, fu<e, frt.
salsa dulce .

Al gusto
Maximo 5 ingredientes.
Ingredientes adicionales:

- Otros S/2

-Pollo S/4. = Pepperoni $/3.
5/25

Lasaña boloñesa y vagetariana

5 SETOS

53 5/35

"
Menu_Restaurant_028.jpg,Tesseract OCR,Menu_Restaurant_028_tesseract.txt,".. PECHUGA DE POLLO 009 T LOMO SALTADO

+1guarnición a escoger* + papasfritas + arroz

COSTILLAS BBO coos $AILMÓINIAILAPA…M.A sn0s

+ 1 guarnicióna escoger* cCon ensalada frescaala Iimoneta

COLITA DE CUADRIL
LOMO FINO 2509 AMERICANA == 3009

+ 1 guarnición a escoger* + 1 guarnición a escoger*

JA LA VE
ALCOH(
5 DE 187
RIDO BE
, NO MA
EE

| e 6alitas BBQ + papas fritas
RO | e Hamburguesa + guarnición*
9 | e 1/2 pechuga de pollo + guarnición*

| e Fettuccini al Alfredo _ Kiñder
NA e Salchipapa o choripapa SP
N (*) Papas fritas o camote frito o puré de papa o arroz …
= * Guarnición al escoger: papas fritas o camote frito o papa al horno o camote al horno o ensalada parrillera
** Bebida: copa de vino de la casa o copa de pisco sour o vaso de chicha o vaso de gaseosa , - OOIMÁGENES REFERENCIALES *
|
LA e
—
IGRESO R”
= A .
"
Menu_Restaurant_030.jpg,Tesseract OCR,Menu_Restaurant_030_tesseract.txt,"ch80_3 PARA DISFRUTAR

3 palitos

PERSONAL aºdy *EDIANA
MY BUX Auus Hur MEIIIANI] ARMAW PAREJA WUTPARA DOS

57í4.90 s¡19 90 5/21 90 |

s¡z4 90 S 39

147 i9» __ <21""88 24 — m
60MB(IS PAHA 4 | DOBLEO NAP_A PZZA E - eantneena

1207
b Alitos BBQ / ChilvHut

SI8990 s

a:-———?º y

A …R < _ & = A""' l < .. “ — . "" = : ' . ; - _' V'_ = _ x' .'-; ')__$ 5 Í—' Xx
HUT GRANDE IIUT FAMILIAR — A |

Carrtos con gaseosas regulares de 17 01 imagenes reterenciales.

5/44 9a- 32 $/55ºº | =

á _ — — —

"
Menu_Restaurant_029.jpg,Tesseract OCR,Menu_Restaurant_029_tesseract.txt,"WwARM UP

CHEESE FRIES

queso cheddar y Dacon bits

MOZZARELLA STICKS

SALCHIPAPAS LUCY

PAPAS FRITAS

PAPAS FRITAS LUCY
LUCY SALAD

ONION RINGS

PAPAS REJILLA

PAPAS FRITAS XL

PAPAS FRITAS LUCY XL

KIDS

CRISPY CHICKEN NUGGETS

Con papas fritas

2 MINI CHEESE BURGER

Con papas fritas

MILKSHAKES

MILKSHAKE DE OREO
MILKSHAKE DE VAINILLA
MILKSHAKE DE FRESA

MILKSHAKE DE CHOCOLATE

.

Ne

v —

—

í |

JUICY PRIME

BURGERS

CUALQUIERA SE PUEDE CONVERTIR AL PLATO

| |

| WAGIU
UPGRADE

¡

OCEc

JUICY LUCY

Rellena de cheddar, cubierta de
suizo, onion rings, tomate,
lechuga y lucy mayo

CLASSIC ANGUS
Tomate, lechuga, cebolla,
píckles y lucy mayo

CHEESE BURGER

Queso cheddar y suizo,
tomate, lechuga, cebolla,
pickles y lucy mayo

BLT

Tocíno ahumado, queso cheddar,
cebolla caramelizada, lechuga,
tomate y lucy mayo

BENEDICTINA

Huevo fríto, tocino ahumado,
queso cheddar, tomate, lechuga
y salsa lucy benedict

SWISS MELT

Queso suizo, champiñones
salteados y cebolla caramelizada

HICKORY BURGER
Cubierta de cheddar, tocino
ahumado, salsa hickory bbe,
cebolla blanca, pickles
picantes y mayonesa

KOREAN BURGER

Cubierta de bbq ortental, Kimchi
slaw, mayo de ajo picante, kiuri
y semillas de ajonjolí

OKLAHOMA BURGER ÓY

Doble smash, cebolla, píckles,
queso cheddar y lucy mayo

SWEET BURGER (Y

Queso suizo, chorizo parríllero
con cebolla caramelizada y tomates
confitados, salsa bbq, jalapeños
encurtidos y mayo tocino.

CRISPY CHICKEN

SANDWICH

CRISPY WHAT

29.98

38.98

38.88

Pechuga de pollo crispy, con queso suizo y
tocino crocante, lechuga americana, tomate,
pepinillos encurtidos y salsa honey mustard

POLLO PARTY

Deshilachado con mayonesa, cheddar
derretido, papas al hilo, lechuga
amerícana y salsa golf

GUACAMOLE CHICK

Pechuga de pollo crispy, guacamole,
cheddar, tomate y lechuga

smasH E

CUALQUIERA SE PUEDE CONVERTIR AL PLATO

VUÉLVELA DOBLE + $/6.00

SMASH BURGER 21.98

Queso cheddar, tomate, cebolla —
caramelizada, lechuga y lucy mayo

22.98
CHEESE SMASH ó v

Queso cheddar, tomate, cebolla,
lechuga, pickles, mostaza
y lucy mayo

SMASH MELT ( 23.98

Queso suizo, champiñones salteados
y cebolla caramelizada

TO SHARE E7y

WINGS AND BONELESS 98.08
TO SHARE

Buffalo wings, bbq boneless, papas
fritas, onton rings, nachos con
cheddar, salsa ranch y smoked bbq.

THE JUICY LUCY PLATTER 120.08

Costillitas bbq, buffalo boneless,
papas frítas, choclito americano,
coleslaw, onton rings y salsa ranch

BABY BACK RIBS ( 5_5._80 )

Costíllitas en salsa bbq,
coleslaw y papas fritas.

saLaos E

CRUNCHY SALAD ( 29.98)
3 tenders piícados de pollo crispy 0 a

la parrílla, lechuga, choclito

amerícano, col morada, tomate, palta,
crispy oníons y salsa honey mustard.

TROPICAL SALAD ( 26.98

3 tenders pícados de pollo crispy a a la
parrílla, bañados en salsa agrídulce más
ajonjolí, lechuga, coleslaw, piña,
kiurí, tomate, críspy oníons y palta.

POSTRES

BROWNIE CON HELADO
CHOCODARKNESS

BROWNIE CHEESECAKE
OREO CHEESECAKE —
CRUMBLE DE MANZANA
"
Menu_Restaurant_009.jpg,Tesseract OCR,Menu_Restaurant_009_tesseract.txt,"——— -

&RUA N'.'ITO.¿

LOMO SALTADO
Con arroz y papas ” l
fritas

TALLARÍN
CONPOLLO AO —

y V . a OOO TI TT TT ” %¡'
_F ('um_¡le o “:' P0|.LÚ SALTADÚ(209
LOMO SALTADO Con arroz y papas
| ¡ Fa y pap

CHAUFA DE POLLO
(200 gr. filete de
pechuga)................. s 267

FETUCCINI VERDE
CON MILANESA<200 gr)
Fetuccini verde con —
- milanesa de

MILANESA DE —

20097

' MILANESA DE POLLU
ALO E(200 gr) v
Con arroz, platano,
huevo frito y papas

fritas....... —
ANTICUCHOS

02 palitos de anticuchos
+ papas fias......s 29ºº

MILANESA DE POLLO ALO POBRE — %TLIIFI5?TIÍXUSS CON

02 palitos de *
anticuchos + papas .
fritas + mollejitas..s 35

Postres

VOLCÁN DE CHOCOLATE con heladow14ºº

E CHUARITOS 10 Unids, con S
manjar blanco 12
| HELADOS

01 Bola 02 Bolas 03 Bolas
s/ 5, s/ 9 s 14

vO Lb AN | (con fudge y galleta oreo)

"
Menu_Restaurant_011.jpg,Tesseract OCR,Menu_Restaurant_011_tesseract.txt,"RAVIOLES

e : a de CAYNE..

.

1.
:::::::::::::::::::::::::::

::::::::::::::::::::

. % 8 Alo Alfredo con

x UN bife argentino..——« 51:
N A Alahuancaína con lome
- fino a la parrilla........» 61

/ a
/4 chorizo.

' __

FETUCCINTA LA HUANCAINA CON LOMO FINO

, RUSTICA
as - — .5 ! Jamón, tocino, filete de al SPAGUETTIS
e “ d E pechuga de pollo, En salsa de carne.....s 2
* / Ry _ T *Z cabanossi, mozzarella y |
_ a « ME Galsaranchera. | A lo Alfredo....................s/ €
A — Z Ze ancaí
— m MN METRO METRO N | A la hu na.... —
— D EUN 269 -948%

— RUSTICA

EN ITALIANA 9 nrEpientes
C A NN Chorizo español, chorizo | — "" A
k . ME s parrillero, tocino, cabanossi, f a E$Peual_,

uuuuuuuuuuuuuuuuuuuuuuuuuuuuu 00 00DDON

Cddd
OORE CCENES CN

- NA . : ,
U a A A pimiento, aceitunas verdes, — »
O aP Y piña, champignones y CÍ N _ …ºº'*.…, ,

f py = a mozzarella.

a

y

— 1/4 1/2 j. -
_ _¡___,/ = ""7) METRO METRO | $ …

TALIANA ""26 48

Shampignones

..... - L » _ y
l Za Y M0772rela
» N
N r > U
"
Menu_Restaurant_010.jpg,Tesseract OCR,Menu_Restaurant_010_tesseract.txt,"N —

TN m
PARR!LLA

cosmus S BB0

a—íg""x:…wx itas + ensal: m
L'[ 'Lb 'v S ¡5
í[¿L C K.373 o + molleií

chorizo par

enc=

— N -+ ensalada fritas + alada......
LOMO FINO Z JJUEÍÁ3 SA y U0…¿m 1 J >…í
PN EA 5A J—N…ºw “ , P o ala br
¡ == -W'“'/ 5ñ L;_“'3““'…JJ—A—J [J'IÍ ,*¿/ Í Í ¿íu_¡,:c'L Í

e 'F—
= “º“33 … Cí…€.a<íj_ cha

L.

y vf3f?L*ch

'…Uf4 CHOS

£d% A f r n :

'U ;LUF …L»8 CON

eo S) 3i»á""'

ESRI A MUSTRITU BRASA

— wnr“;&&¿a
D D AE 20 Fº“ººíuwº

EA racrnenannnanea ann SÍ

FILETE PARRILLERO
cfu_d : pechu …_
' o T N €“Í1£ÚGÍEE=Í— chorizo
— | N parrilero + papas
( ; ""… UL€CCX“*C""E%*9C…… ""
ai1 ALO POBRE

—_Xá *N<..º»¿¿'¿3 ºfr …Í…Fí … fVT

P á“— ensalada …………rf©í

La —

1 ¡ LC*crrrnmmrmmrc…r

*E7 FILETE3 SABORES
, | ¡ | Emghv anticucher
+ filete de pollo( gr | l x_: “E ensalsa (ááfmºrá%gm
+ 2 chorizos - | ; — » E x—_'<'… …w bba Dq 0007

+ mollejitas (250 9 — 1| - Ed ritas + ense

+ 2an?cuchosg | . FILETE PARRKLLERO_ % ET qw ,
+ papas fritas T p - — LETE RÚSTICO
+ ensalada................-134% N —« : 4 | MW¡'”G … vºW

COMPLEMENTOS
5£.…º'í———————d

"
Menu_Restaurant_012.jpg,Tesseract OCR,Menu_Restaurant_012_tesseract.txt,"CON 6 SABORES U
DIFERENTES!!! 3 _

"
Menu_Restaurant_013.jpg,Tesseract OCR,Menu_Restaurant_013_tesseract.txt,"L
y
l
s
s
3
E
z
E
g
:
!-t
E
E%
H
?¡
5
E
=
=
-
1
o
2
wn
s

—

V
O
Co
W'.
0)
|

Y

|

N

4

Ve
A

""vdo? vayo 704210 NOIVASDAR

COPA DE DEGUSW'ACIÓN DE VINOS

TABERNERO

Y91HI 30 VION3193dX3 Y?
14

A DD
Ey

mINI 0105 SON

l—

a svao> £ SY E
ei

ro » »0 NOIDVISND30 3
. ——— —

— ""U »
"
Menu_Chifa_003.jpg,Tesseract OCR,Menu_Chifa_003_tesseract.txt,"y HONC KONE
Market =

E » >
Ziraflores =7

BAPO
CONCELADOS

WANTAN
Delicioso bocadito relleno, Bocadito frito con el relleno
pollo rewenvrt4eltolen masa especial de bapo, presentado
d echos al vapor. en su forma tradicional.
12 ud. Incluye salsa Hoisin. 10 ud. Incluye salsa tino tamarindo
/ 9900 S 00

GYOZA SPRING ROLLS ,

Empal |
—ooífág%%(rj ngsngg%¡&ellenodde Rollos de masa de arroz crocante
r a en dos rellenos de chancho, verd y
pos p U una textura especias chinas. — ""* Y
12 ud. Indluve salsa sillao. 6 ud. Incluye salsa tipo tamarindo.
1i CEE ACEN
o NO|
“ 200 Y eo

MINPAO BEAN
ico bollo '
_6ud. relleno de fráá?€8|€á%_
51 At.o9 5d

"
Menu_Restaurant_021.jpg,Tesseract OCR,Menu_Restaurant_021_tesseract.txt,"Cafetería

192

Agua de mesa c/s gas

Agua mineral Premium Andea c/s gas
Chicha Morada

Té helado .

Coca Cola, Inka Cola, Fanta o Sprite
Limonada Lemonad:

Limonada Frózen

Frozen de frutas

1
n

—

_

o

o

1
a

C
N

Infusiones:
Té, manzanilla, hierba luisa, anís, mate de coca

yca mate or aniseed

» , U

Espresso o Americano: Black coffee
Descafeinado: Decaffcinated

Café con leche: Cortado: Coffee latte Coffee / milk
Cappuecino

lee Cappuecino Frappé

Con crema Chantilly
re.an

CLappuecino l

Café Iv€xlzl.l ti hocolate

Café con Licor
Coffee with liquour

O

8

10
10
10
12
14
14

15

Papaya, Piña, Naranja, Mango, Melón,
Plátano o Maracuyá

Papaya pineapple, orange, mango, melon, banana

or passion fruit

Surtido de frutas

Mixed Fruit Juice

Fresa, Durazno o Lúcuma con leche

Strawberry, Lucuma

Especial de frutas con Leche y Algarrobina

With Milk and Algarrobina

S/.

13

14

16

18

Miraflores Coffee:

Coffee, Bailys, amaretto, cacao cream and whipped cream

Irish Coffee:
Coffee, Scotch Whisky and whipped cream

Café Glacé

Coffee and ice cream

Ice Cappuecino con Baileys

23

23

23

24

"
Menu_Restaurant_020.jpg,Tesseract OCR,Menu_Restaurant_020_tesseract.txt,"» . /

P08tres

Esserts

Crema Volteada S/.20 —
Smoothy caramel cake.
Suspiro a la Limeña 24 s
Condensed milk, topped with merangue.

Arrozco'n[_echey
Pie de Limón o Manzana 22 iii
Lemon or Apple pie.
Crocante de Lúcuma 24
Typical Peruvian fruit.
Turrón de chocolate con bola de helado 23 7
Peruvian chocolate cake with vanilla ice cream.
Arroz con Leche y Mazamorra morada 20 —l
Sweet milk rice and purple corn sweet
Pie de Pecanas con Helado 26

Pecan pie with ice cream

Iee Cream sundae (vanilla or chocolate)

Milkshakes de sabores variados 20 w E ,¿3>

Milkshakes Flavours. N

Copa Romanoff de fresas y crema 29 “&_5-=:=:—¿' j

Strawberries and whipped cream.

S/.
Sundae de vainilla o chocolate 26 & sanara

Banana Split 29

Copa Parquetito 27
Whipped cream, fudge, caramel and biscuit.

Copa Sundae

Copa Baileys con helado de café 27 - !

Coffee ice cream with Baileys

"
Menu_Restaurant_019.jpg,Tesseract OCR,Menu_Restaurant_019_tesseract.txt,"Hamburguesa

Pollo saltado a la Criolla |
Flambeado al wok con cebolla, tomate, algo de vinagre y sillao
Sale con arroz blanco y papas Astas.natal

Sautéed diced chicken, onions, tomatoes, rice and french fries.
Sa

Tallarín Saltado de Pollo a la Criolla

Chicken with spaghetti with onions and tomato

Pechuga de Pollo Maryland
Acompañado con arroz blanco y papas doradas. .
Pechuga de pollo en salsa bechamel con choclito salteado y espinacas

Chicken Maryland style

Milanesa de Pollo f |
Frita en mantequilla, queso parmesano con papas fritas nativas
y ensalada de legumbres.

Breaded chicken covered in parmesan cheese with french fries and vegetables

Pan con Chicharrón con sarsa Criolla

Pork sandwich with onion sauce

Pollo Especial gratinado
Con Pollo, queso edam, jamón inglés, champiñones. Gratinado

Chicken, Edam cheese, ham, mushrooms, and mozzarella cheese gratinated in pita bread.

Mixto Caliente

Ham and cheese sandwich.

Triple Clásico

De Palta, Huevo duro y tomate
Avocado, boiled egg and tomato.

Triple de Pollo, Huevo y Palta
Chicken, egg and avocado.

Mixto Caliente Súper Completo
Jamón, Queso más huevo frito y tocino
Ham and cheese sandwich with egg and bacon

Sánguche de Milanesa
Milanesa de res, tomate, lechu

a, cebolla co | y
Breaded beef fi E n salsa pesto en pan francés

llet, tomato, lettuce, onion with a pesto sauce.
Hamburguesa Clásica

Beef Hamburger with tomato, onion and lettuce. Native fries

Hamburguesa Royal
Con huevo frito y queso Edam
Beef Hamburger with edam cheese and egg. Native fries

Club Sandwich

Pollo, jamón inglés, queso Edam, huevo frito

Chicken, ham, Edam cheese, bacon, fried C an tocino y tomate

48

46

45

de

24

28

25

23

25

32

30

35

36

40
"
Menu_Restaurant_018.jpg,Tesseract OCR,Menu_Restaurant_018_tesseract.txt,"jaraDEe UE SUIINA — < M
clara de huevo hielo

canela

eN IENTA

Ají de Gallina
El tradicional, servido con arroz blanco

Slices of chicken breast in a creamy sauce with rice.
Seco de Res con Tacu-Tacu de frejol canario

Fried rice and beans with beef stew in a green cilantro sauce.

Adobo de Cerdo a la Cusqueña
| Servido con camote y arroz blanco

Pork stew Cusco siy'|L'

Arroz con Pato a la Chiclayana

Pato macerado en cerveza negra y

culantro, acompañado con arroz a la Chiclayana
Duck with green rissotto Chiclayo style.

Lomo Saltado a la Limeña

Strips of beef u ith onion, tomatoes native fries and rice.

Seco de Cabrito a la Norteña
Con yucas doradas y arroz.
Goat cooked in the typical Northern Peruvian style with yuca

Cuy Andino frito
Entero. Acompañado c/arroz con choclo y papa dorada
Andean Guinea Pig with rice and corn

*Frejoles con Tocino
*Seco Norteño
* Adobo de Cerdo
* AJÍ de Gallina
y Arroz Blanco (2)

…, Lomo Saltado con Quinotto a la Parmesana
Fusión del clásico lomo saltado con nuestra quinua de los andes.

Beef tenderloin with quinoa risotto

; Gnocchis con Ají de Gallina
Gnocchis in “ají de gallina”

E Milanesa de Res con Spaghetti al Pesto y huevo montado
Beef with Spaghetti in Pesto sauce.

Bisteck a lo Pobre

Bife con Huevo montado y plátano frito, servido
con arroz y papas fritas nativas

Grilled steak with french fries, banana, rice and fried egg,

|

p

|

Í=

A

% Pollada Peruana a ra
Filete parrillero de pollo macerado con panca, achiote y chicha de jora e

| acompañado de papas doradas, choclo y ensalada mixta
Peruvian spicy chicken with potatoes, corn and salad.

.

y Lomo Saltado de Res con Tacu Tacu Montado 66

” Tacu tacu with Lomo Saltado
"
Menu_Restaurant_017.jpg,Tesseract OCR,Menu_Restaurant_017_tesseract.txt,"Ae NUEVO

Pes .
Seafoocdadºs y Mariscos

Pescado estilo Amazonas

Arroz con Mariscos

Sudado de Pescado

Pesca del día cocinado lentamente en cebollas, tomates,
chicha de jora y chilcano de pescado con yucas y arroz blanco

Steamed Fish with spices, onions and rice.

Pescado estilo Amazonas

Filete dorado y crocante, cubierto con plátanos gratinados en
azúcar rubia, con salsa de cocona y yuca frita.

Grilled fish co ered in grated banana with “cocona” sauce and fried yuca

Cau Cau de Mariscos
Mistura de mariscos servida con una salsa a base de

ají amarillo, papa, palillo, hierbabuena y vino blanco

Traditional peruvian seafood and herbs stew .

Arroz con Mariscos
Puro sabor marino

- : -
Sautéed sea food with red rice

Pescado al Ajo con Langostinos
Filete de pescado bañado en láminas de ajo fritas

en mantequilla, vino blanco, alcaparras con arroz y salsa criolla

Fish with crispy ¿,¿.qz¡». and shrimps

Arroz Chaufa de Mariscos

Fried Rice with se afood chinese stvle

Pescado en salsa de Cangrejo
Filete de pescado al vapor, bañado con una salsa

a base de pulpa de cangrejo gratinada

Fish filet on crab sauce

Tacu Tacu de frejol con Picante de Mariscos

Sea food accompanied with rice and beans

Pescado a lo Macho
Un clásico con todos los mariscos del Mar de Grau

Grilled fish in a seafood stew with rice

Trucha Andina con mix de Rocotos y Muña
Con puré de papa y queso andino Paria

Grilled trout with chili pepper and andean
herbs, mashed potato with cheese

Pescado saltado a la Oriental

Pescado cubierto de un saltado de langostinos y verduras
crocantes al mejor estilo oriental, acompañada de chaufa casero

Qur version of a thai fish dish, with fried rice.

- 46

55

50

56

56

49

58

52

59

58

54

— 2—

|
f

,
d
"
Menu_Restaurant_016.jpg,Tesseract OCR,Menu_Restaurant_016_tesseract.txt,"Tiradito Nikkei

Finas láminas de pescado bañadas en limón, aceite de ajonjolí,

sillao, ají limo y cebolla china.
Slices of fish marinated in japanese style

Tiradito a la Crema de Ají Amarillo

Slices of fish marinated in lemon juice anc yellow chilli.

Cebiche de Champiñones y Alcachofas

Dados de alcachofas y champiñones bañados en leche de tigre
y ají amarillo acompañados de choclito y camote glaseado.

Mushrooms and artichoke cebiche

Cebiche de Pescado o Mixto

Classic cebiche of fish or seafood marinated in lemon juice

Causa Acevichada
Fish cebiche on mashed potato causa

Cebiche Carretillero
Pescado, pulpo, leche de tigre al ají amarillo, dados de palta
y chicharrones de calamar

Market sty le C CbíchC

Cebiche de Pulpo y Pescado

Fish and octopus cebiche

Tamalito Criollo de Maiz con sarsa criolla
Mashed corn Tamal stuffed with pork

Papa a la Huancafna
Potatoes with peruvian huancaina sauce

Palta a la Reina rellena con ensalada de papa y Pollo

Avocado stuffed with chicken, potato and mayonnaise

Causa de Pollo a la Limeña
Potato stuffed with chicken and avocado

Rocoto Relleno a la Areg

Acompañado con pastel de papa _
Rocoto stuffed with minced meat Arequipa Style

Conchitas a la Parmesana (6)

Grilled scallops covered in parmesan cheese

Pulpo al Olivo

Octopus in black olive sauce.

Causa de Langostinos en salsa Golf
Tower of mashed potato with shrimps-

Palta rellena con Pulpa de Cangrejo Y Choclo

Avocado stuffed with crab and corn

Papita Rellena
Tradicional papita rellena sobre cama de huancaína
- Stuffed potato with ground beef and huancaina sauce

uipeña con queso andino gratinado

48

40

52

52

55

56

24

26

30

32

32

40

40

39

39

26

Cebiche
de Pescado ""w

apa a la Huancaina

"
Menu_Restaurant_015.jpg,Tesseract OCR,Menu_Restaurant_015_tesseract.txt,"Crema de Verduras

Ensaladás** *

— Salads

j iñ 30
Crema de Verduras ó Champiñones
Soup of the day of vegetables or Mushrooms
i 32
Menestrón Criollo
Una receta italiana que llegó al Pert.
acompañado con zanahoria, queso y

Peruvian minestrone

Concentrado de carne
habas aromatizados con albahaca.

Sopa a la Criolla 34

Peruvian st_vle beef soup

Chupe de Pescado 36

Fish soup Lima style

Parihuela de Mariscos con Cangrejo Reventado
Sea food soup

45

S/.
Ensalada Verde con QuinuaQ 30
Espinaca, Champiñones, Lechugas orgánicas, Quinua, Palta, Albahaca,
Huevos duros y espárragos con vinagreta de la casa.

Lettuce, mushrooms, spinach, basil, asparragus, avocado, quinoa and egg.

Amazonas ye 30
Lechugas orgánicas, chonta, palmitos, espárragos,

palta, pimiento, cebolla, queso y chalaquita de cocona

Lettuce, spinach, basil, asparragus, avocado, bell pepper,

onions, andean cheese and cocona.

Miraflorina 30
Lechugas, pollo, apio, tomates confitados, zanahoria rayada,
espárragos, queso andino y pecanas acarameladas.

Lettuce, slices of chicken, celery, tomato, carrot, asparragus cheese and pecan nuts

Ensalada César con Pollo 30
Lechugas orgánicas, croutones, filete de pollo a la plancha,
queso parmesano y anchoas, acompañado con nuestra salsa César.

Lettuce, croutons, chicken, parmesan cheese, accompanied

with our cesar dressing

Campesina 32
Lechugas, espinaca, palta, alcachofa, espárragos, champiñones,
filete de Pollo y pecanas con aliño honey mustard.

Lettuce, spinach, avocado, artichoke, asparagus, mushrooms, caramelized
pecans, crispy chicken breast with a honey mustard dressing

— — EO C A S U C A .
"
Menu_Restaurant_014.jpg,Tesseract OCR,Menu_Restaurant_014_tesseract.txt,"I
l
l

Yuquitas fritas con Salsa Huancaína —
Yuca chips with Huancaína sauce

Tequeños de Queso Andino con salsa Guacamole

Fried Andean cheese fingers with an avocado sauce 33
Anticuchos de Corazón de Res (2)
Marinated peruvian grilled beef heart 35
Tequeños Rellenos de Ají de Gallina
Fried wonton sticks filled with aji de gallina on guacamole sauce a
Parrilla Caliente de Vegetales al Grill =
Alcachofas, champiñones, zucchini, brócoli, pimientos, cebollas, vainita y zanahori e
Grilled artichokes, mushrooms, zucchini, carrots, broccoli, bell peppe aná a_""3 oria

€rs omons
Chicharrón de Pechuga de Pollo
Deep fried crispy chicken 40
Causa de Langostinos en salsa Golf 39
Tower of mashed potato with shrimps.
Mix de Anticuchos Peruanos 45
De Bife, de Corazón de Res y de Pollo ()
Anticuchos mix
Chicharrón Mixto de Calamares y Pescado 58

Deep fried fish and calamari

Ronda Caliente 59
Bolitas de Yuea rellenas de queso, tequeños de ají de gallina,
champiñones crocantes con salsa Huancaína y crema de rocoto
Balls of yuca with cheese, fried mushrooms and tequeño SUCKs
on Huancaina and chilli sauce
Piqueo Criollo e
Papita rellena, anticucho de Corazón, anticucho de Pollo,
tamal criollo y sarsa criolla ,.
Stuffed potato, beef heart and chicken “anticucho”, green “tamal
accompanied with creole sauce
65

Antojitos Peruanos £ ""
Tortillas de Lomo saltado, tequeños rellenos de Aji de Gallina,

boliyucas rellenas de queso y enrollados de Pollo con Tocino
Peruvian sortiment of appetizers -
Ae hac ostinos y dos brochetas de pescado —

párragos y champiñones

Pulpo, calamares, conchas, lang M
en salsa anticuchera, acompañados con choc 0,

Parrilla Marina

Seafood grill E
i ino Frío _ a
P¿W$?Pt;cña::t;unlpo al Olivo, Causita rellena de pulpa de cangrejo y Pa
e : y
Fish Cebiche, octopus in olive sauc5 mashed potato
stuffed with crab and avocado -

… dex:ca.60. ¡_Í;I;sbnºs al panko y Conchitas a la parmesana,
servidos frita
Deep fn:n ñ£hn'm'> and scallops with parmesan and yuca

-
"
Menu_Restaurant_023.jpg,Tesseract OCR,Menu_Restaurant_023_tesseract.txt,"JÁGERMEISTER

SHOT JÁGERMEISTER -18 35 | MONKEY 47

RONDA MEISTER (6U) 204 | BEEFEATER 24

BOTELLA 380 | BEEFEATER PINK
BEEFEATER BLOOD ORANGE

BEEFEATER LONDON DRY
PISCO PURO 250

MOSTO VERDE 300

TEQUILA ABSOLUT ELYX
1800 CRISTALINO ABSOLUT 300

PEARS, LIME, MANDRIN, RASPBERRI
1800 REPOSADO ABSOLUT 280

ALTOS TEQUILA PLATA e —
ALTOS TEQUILA REPOSADO —

TEQUILA OLMECA BLANCO VINO EL COTO CRIANZA tivro — 121 “a

TEQUILA OLMECA RUBIO VINO EL COTO VERDEJO sLanco — 95

VINO EL COTO TEMPRANILLO — 92
Y GARNACHA rosano

LA HECHICERA 550| CHANDON EXTRA BRUT 250 facuyá)

HAVANA SELECCIÓN 450 | FERNET BRANCA 280
DE MAESTROS

HAVANA CLUB 300
RESERVA 7 AÑOS

ROYALE SALUTE 21 AÑOS — 2000 — CHIVAS REGAL XV 500
CHIVAS REGAL ULTIS XX — 1700 CHIVAS REGAL EXTRA 13 AÑos -400
CHIVAS REGAL 18 AÑOS 600 CHIVAS REGAL 12 AÑOS 350

"
Menu_Restaurant_022.jpg,Tesseract OCR,Menu_Restaurant_022_tesseract.txt,"TEQUEÑOS
ALITAS

(Plain o bbq o buffalo o maracuyá)
CHICHARRÓN DE POLLO
Y PAPAS FRITAS

(Plain o bbq o buffalo o maracuyá)

CÓCTELES DE AUTOR | JÁGERN

DAVID — SHOT JÁGE!
Ron Havana Añejo, Ron Myer 's,

Jagermeister, Mango y Cítricos, RONUA MEI
BLACK MARGARITA BOTELLA

Tequila Olmeca, Triple Sec,
Sinsonte, Limón y Carbón Activado.

LA CHINA

Vodka Absolut, Lychee, Peach Tree,

SALCHIPAPA CLÁSICA
Cítricos y Aguamiel.
SALCHIPAPA A LO POBRE CAMILA

BEBIDAS y Albahaca

RED BUU. Ron Havana Club, Disaronno, Coco,
Energy Drink, Sugar Free, Piñ y Ginger Ale.
Tropical Edition, Red Edition

LIMONADA AFRODITA

TÚNICA Sandía, Limón y Tónica.
GINGER ALE LA MORENA

SBDA P…K y Tónica.

GASEOSAS GRANNY SMITH
AGUA C/S GAS Jack Daniel s Apple, Vermouth Dry

TEQUILA 1800

JÁGERMEISTER

WHISKY CHIVAS 12 AÑOS MACIONALES
TEQUILA OLMECA PILSEN, CUSQUEÑA

PISCO PUR
Gin Beefeater, Aperol, Limón, Fresas Mus-… VE
AMARO - TEMIN
TEQUI
1800 C
Gin Beefeater, Triple Sec, Disaronno, k1
- 1800 RES
Licor 43, Vodka Absolut, Café, Piña ALTUS TE
ALTOS TE
T TEQUILA
Manzana, Limón y Cava.
EL VIRREY TEQUILA
Pisco Fatwash Chocolate Bitter, —
Licor 43, Matacuy, Naranja y Cacao. RB N
l___
LA HECI
HAVANI
DE MAÉ
IMPORTADAS HAVAN,

PISCO DE LA CASA CORONA, STELLA

CÓCTELES CLÁSICOS ¡

CUBA LIBRE MOJITO 39 NEGRONI

CHILCANO PIÑA COLADA 33 GIN TONIC 38

Piña colada virgen s/22
VODKA TÓNI oscow wuLE — 39 - EPEALON —

| 30
PISCO SOUR APEROL SPRITZ -—-32 - MATERMELON UN

*Pizzas, sopas, smash burgers

y más en el primer nivel.
TR
E É m m

RESER!

ROYAL
CHIVA
CHIVA

m

-

E* *
"
Menu_Restaurant_025.jpg,Tesseract OCR,Menu_Restaurant_025_tesseract.txt,"e

D
avena Af
neister,

K MAR
Olmecz
e, Limó

bsolut,
y Aguar

yuI

— —

— s daÑ

“ PLANCHADOS

MIXTO 16.9
Pan de camote, salsa secreta, doble
smash y doble queso
Sweet potato bread, secret sauce, double smash,
and double cheese.

MIXTO BURGER MELT

Pan brioche tostado relleno de smash
burger con queso y dip de salsa secreta.
Toasted brioche bun filled with a smash burger, cheese,
and secret sauce dip.

15.9

Tortilla tostada rellena de tomate , lechuga,
boneless de pollo , quacamole y tocino.
Toasted tortilla filled with tomato, lettuce, boneless
chicken, guacamole, and bacon.

WRAPCLASICO 24
Tortilla tostada rellena de lechuga tomate,
boneless , queso cheddar, salsa secreta.

Toasted tortilla filled with lettuce, tomato, boneless
cheese, cheddar cheese, and secret sauce.

DOGS

BBO 24

Pan brioche, salsa BBQ, col slaw salad,
poro frito.

Brioche bun, BBO sauce, cabbage slaw, fried leek.

MEXICAN 18.9

Pan brioche, salsa secreta, guacamole,
tocino, pico de gallo.
Brioche bun, secret sauce, guacamole, bacon, pico de gallo.

AGACHADITO

Pan brioche, salsa secreta, plátano frito,
cebolla caramelizada, huevo frito, queso.

Brioche bun, secret sauce, fried banana, caramelized
onion, fried egg, cheese.

18.9

ADICIONALES

Limonada

BEBIDAS

Smash Tropical
Piña, maracuyá,hierba buena y toque de limón
Pineapple, passion fruit, mint and touch of lemon.

Pink Lemonade

Fresas frescas, limón, soda, hojas de menta.
Fresh strawberries, lemon, soda, mint leaves.

Soda italiana de frutas

Pulga de fruta, agua con gas y menta ,
(Sabores: Mango, frutos rojos o maracuyá)

Fruit pulp, sparkling Water, and mint.
(Flavors: Mango, red berries, or passion fruit)

Blue Lemon Jam
Limón, arándanos y miel
Lemon, blueberries and honey.

Frozen

Fresa, mango o maracuyá
Strawberry, mango or passion fruit.

Limonada

Caseosas

Aguac/sgas

Porción de papas 12
"
Menu_Restaurant_024.jpg,Tesseract OCR,Menu_Restaurant_024_tesseract.txt,"BURGERCLASSIC 28

Pan de camote, salsa secreta, burger y doble queso.

Sweet potato bread, secret sauce, hamburger, double cheese. e
BURGER BACON 32
Pan de camote, salsa secreta, tocino, burger y
doble queso.
Sweet potato bread, secret sauce, bacon, burger, and double cheese.
BURGER GRILL 32
Pan de camote, salsa secreta, burger,
chorizo smash y chimichurri.
Sweet potato bread, secret sauce, burger,
chorizo smash, and chimichurrí.
ra ni BURGER A LO POBRE 32
ES DH Pan de camote, salsa secreta, burger,
— doble queso, plátano frito y huevo frito. - :
Sweet potato bread, secret sauce, burger, double Chicken Bites
ejo, Ron M Cheese, fried banana, and fried egg.
ango y C
ARITA BURGER BBO 372
TA Pan de camote, salsa secreta, burger, tocino,
y S cebolla caramelizada y salsa bbq de la casa.
Sweet potato bread, secret sauce, burger, bacon,
¡chee, Pe caramelized onions, and house bbq sauce.
l. N __ A
e rCO A ALITAS 26 ¡
; BURGER ATRIO 32 Plaín, bba, búffalo de la casa, teriyaki
E Pan de camote, salsa secreta, tomates tatemados V
Ají amarillo encurtido, burger y doble queso CHICKEN BITES 36 |
Sweet potato bread, secret sauce, charred tomatoes, Plaín, bba, búffalo de la casa, teriyaki '
p arónl Pickled yellow peppers, burger, and double cheese.
TEQUENOS X6 24
Rellenos de queso con guacamole.
e¡Sec, 0 Stuffed with cheese and guacamole.
uCa.
Smash:_prle smash burger 90gr c/u SALCHIPAPA ATRIO 34
blut, C Original: Una burger 180 gr Papitas fritas saborizadas, salchicha Frankfurter,
Todas las burgers vienen acompañadas con papas fritas huevito montado y platano frito.
Aavored fries, frankfurter sausage, whipped edy and fríed banana.
. verm
Iva.
late B
ranja
0!
TOl
""C
sll
ER
ul
"".
;

Salchipapa Atrio

6*

"
Menu_Restaurant_027.jpg,Tesseract OCR,Menu_Restaurant_027_tesseract.txt,"EO AN RAMONS

_u
A'/ - “ “ ) - ""r.

ARROZ CON MARISCOS S/.45

I7 ”
!€ Arroz nir/mariscos al wok/queso parmesano/Base de mariscos

U ARROZ CON PATO AL ES
4 Arroz nir/lo
9 CHAUFA MAR Y TIERRA S/.45

Arroz nir/milanesa de pescado/lomo

A

TILO PACOLO S/.65

che/cerveza negra/aderezo norteño/magret de pato ahumado

fino/langostinos al wok

RISSOTO DE LOMO SALTADO S/.55

Afb(jf?0//(¡fhf, f/f70/j…¡gg: de lomo saltado Amarillo

J

RISSOTO DE CAMARONES / LANGOSTINOS a

Arbóreo/emulsión de coral/jugos de chupe/huacata

y TACU TACU DE PALLARES EN SALSA DE MARISCOS S/.55

Pallares/salsa de mariscos/ají |

LOMO SALTADO $S/.50
Al wok/jugos de lomo salt ,

LOMO FINO EN SALSA DE CHAMPIÑONES 5/.50

Papas nativas/hierbas an

OSSOBUCO 30 HORAS 5/ 48

Fettuccini/hinojo/parmesuno/ -

A ÓÁ...¡,Í“
48 ' -
CARNE O POLLO S/. 7
ALACRIOLLADE -
SPAGHETTI SALTÓDO 1u <

d"" Al wok/jugos de lomt
"
Menu_Restaurant_026.jpg,Tesseract OCR,Menu_Restaurant_026_tesseract.txt,"X6
N OROS A LA CHALACA S/.32
F Y -
E CONCHAS A LAP: RMESANA $/.35
ís » “ Conchas/queso parmesa 10/salsa inglesa/
VU RONDA FRIA S/-55
a Cousa/ceviche/pulpo ol olivo/tiradito
£ A rocoto y a) Amarillo)
£ Te
| En CEVICHE CLASICO S/.45
! , Pescado del día/ají Jimo/leche de tigre
g > Z -nmote glaseado
. . ;%V;» - CcoOnmoE ¿¿'J…_..U.n./
P CEVICHE MDTO CLASICO O
1*Q_ REMOSO $/.50
S Pescado de dia/mariscos/crema de conchas/
a ají Jimo/ chicharrón de calamari/camote
A /:. _,,""< V G/05€000
viA k a A _
N » CEVICHE CROCANTE S/ E
AEA - - Pescado del día/leche de tigre/panko
NE

LECHE DE TIGRE S/.20
Chalaguita/trozos de pescado/ají limo

TIRADITO AL AJI AMARILLO 5/.35

pescado del día/emulsion de ají amarillo

o s/.38
Jección

CAUSA CLASICA/ FUSION/ CAN?REJ
Papa amarilla/ají amar¡llo/pa/ta/prote¡na ae

RONDA CALIENTE s/.85 d
Pulpito a la brasa/ceviche crocante/b-roche_ta 0
pescado (2 unid.)/ Conchas a la chimichurrt (3uni.)

Yuquitas-

CHICHARRON MIXTO $/.45

Mixture de mariscos/pescado del d/a/tártara/salsa

criolla

COCKTAIL DE LANGOSTINOS 5/.35
/angosU'n05/pa/fa/so/sa golf

PULPITO TIERNO A LA BRASA 5/.60
Verduras cocidas/papas cockta¡//ch¡m¡churr¡/aceituna
pulpito tierno

PULPO AL OLIVO $/.45
Laminas de pu/po/ace¡tunas/aceite de olive/ x_4
Palta

"
Menu_Restaurant_046.jpg,Tesseract OCR,Menu_Restaurant_046_tesseract.txt,"“d

r _ - ) "" .
Wolker XVL4H'.?—':_WQ …
DOUBLE — GOLD *
*

BACK - — LABEL

_ - s m 4 MA$4?LSL Al(on
"
Menu_Restaurant_045.jpg,Tesseract OCR,Menu_Restaurant_045_tesseract.txt,"EAVEDO Es

ER Cholado

- -

CARAVEDO

'
-

a
=

AYEDO

>h,. Y

-

Y
””

( Quebranta, Acholado, Torontel )

22 // 220

JOSE
CUERVO
RUBIO

24 77 260

DRINKING

U

re

—¡.I'H

—]]——]— a———————— N

ALCOHOIL

1800

34 /7 360

IN EXCESS

*

E

JULIO

6577750

IS HARMFUL
"
Menu_Restaurant_044.jpg,Tesseract OCR,Menu_Restaurant_044_tesseract.txt,"COCTELES CLAS
PISCO SOUR ( las 9 — GINTONIC
CHILCANO ( Clásico o Maracuya) — 78 NEGRON

CUBA LIBRE ' MAI TAI

PIÑA COLADA ORGASMO
DAIQUIRI ( Limon, Freso. ) 2 CAIPIRINHA

MARGARITA APEROL SPRITZ

MOSCOW MULE

s sabores"" Consultar disponibilidad

MOJITO

En algunos cócte

-
”.

"
Menu_Restaurant_043.jpg,Tesseract OCR,Menu_Restaurant_043_tesseract.txt,"CERVEZAS_ .$

PILSEN 18

CUSQUEÑA DORADA —18_
CUSQUEÑA TRIGO 18
CUSQUEÑA NEGRA 18
BUDWEISER 18
CORONA 20_

CERVEZA STELLA 20_

COCTELES

POCHA PUNCH_

Pisco caravedo, mix de lychee,
jugo de limon, jarabe de goma

36_
MARGARACHA_

Pisco caravedo, zumo de toronja,
miel de flor de Jamaica

36_
MULE POCHA_

Vodka absolut, mix de frutos rojos,
miel de canela y ginger beer

38_
TONIC POCHA_

Gin Tanqueray, flor de Jamaica,
toronja y agua tónica

38_
BLACK AND WHITE _

Jack daniels, zumo de limon,
jarabe de goma, vino tinto

38_

BOHEMIO_

Pisco caravedo, vino tinto, vermouth rosso,
zumo de naranja, miel de maracuyá
38

= MULE POCHA

PE

ALCOHÓLICAS EN EXCESO ES DAÑINO.

D r
"
Menu_Restaurant_042.jpg,Tesseract OCR,Menu_Restaurant_042_tesseract.txt,"a
7
D

. * Ta 7
a N AEA S

BEBIDAS
NA |f_f'Í UL % .....
AGUA $_ L /*.$3

N INCA KOLA (Regular o Zero) 9
COCA COLA (Regular o Zero) 9
SPRITE 9-

LIMONADA 12
MARACUYA 12-

CUALQUIER OPCIÓN FROZEN +2

»

JUGOS

FRESA / PIÑA / DURAZNO ) 18

- a N E

5_ AMERICANO OE:
10 CAPUECINO / CORTADO / CONLECHE
MANZANILLA / HIERBALUISA /

MOCKTANS_

Fresas, naranja y hierbabuena,
jarabe de goMA y soda

u

Zumo de maracuyú, albahaca,
jarabe de goma y soda

Kiuri, kion, menta, imón Y
¡arabe de goma

ALCOHÓLICAS CESO ES DA¡<HNO.
.:-_,—-__/4-—;;'—
"
Menu_Restaurant_041.jpg,Tesseract OCR,Menu_Restaurant_041_tesseract.txt,"- Lechuga, tocino,

POCHA

ENSALADA POPEY

Lechuga, espinaca, tomate,
zanahoria en bastones, huevo,
pollo cubos, col morada

con aderezo italiano.

32_
ENSALADA CAESAR

crutones, pollo al grill,
aderezo cesar

34
ENSALADA THAI_

Lechu?a tomate, palta, kiuri,
maní ngoshnos panko,
pimiento soazado, zanahoria,
cebolla china y aderezo thai.

34_
ENSALADA POCHITA _

Lechuga, cebolla blanca,
durazno, piña, came mechada
Chodclo, p|mnenfo tomate
yoderezo thai.

34
"
Menu_Restaurant_040.jpg,Tesseract OCR,Menu_Restaurant_040_tesseract.txt,">OchHA

PIZZAS_

6 slice5_, con pomodoro, mozzarella,
jamon ingles, piña y durazno.
40 _

6 slices, con pomodoro,
mozzarella y pepperoni.

6 silices, con pimiento, champiñones,
cebolia blanca y espárragos.

38

6 slices, con pomodoro, L
mozzarella, trozos de pollo, piña
y nuestra solsa BBQ casera.
"
Menu_Restaurant_039.jpg,Tesseract OCR,Menu_Restaurant_039_tesseract.txt,"CLUB SANDWICH_ PULLED PORK

Con pollo deshilachado, lechuga, tomate, h>ulled pork en salsa BBQ, queso

o crocante y pickles.

Con
queso edam, jamon, tocino y huevo. cebo
34

"
Menu_Restaurant_038.jpg,Tesseract OCR,Menu_Restaurant_038_tesseract.txt,"POCHA

HAMBUR-
GUESAS

N m IT E
I y

HAMBURGUESA
CLÁSICA_

De asado de tira molida en casa con
queso cheddar, cebolla caramelizada,
pickles, lechuga y tomate.

32

HAMBURGUESA
SAN RAMON_

Con doble tocino y doble cheddar,
lechuga, tomate y pickles.

36_

HAMBURGUESA
FIGARI_

Con champiñones salteados,
aros de cebolla, queso edam,
lechuga y tomate.

38_ '

!
POLLO =
CRISPY —

Jugosa pechuga de pollo empanizada,
ueso chedd u?echugo,

tomate y pickles
314_

"
Menu_Restaurant_037.jpg,Tesseract OCR,Menu_Restaurant_037_tesseract.txt,"PLATOS POCHA_

CHURRASCO CON »
PAPAS FRITAS Y ENSALADA_ -
Churrasco de lomo ocompañodo Se
pop05hitosyenstdo Ms
Maocarrones bañados en abundan
_á'eddac r , Sº“5ºº con Pulleg po?kd;o,—tí Í……'
TIMBAL DE LANGOSTINOS _ u
Linguini con langostinos a la cremo —
pomodmo,g…m…dby as -
40 Costillas de cerdo St Lovis cocinadas a | h

| W …, :nf…g en 'l| x'(1l5(l *xlx.xw¡|ik|
… oeo o elegar BB o Honey Mustard)

ETA 98

"
Menu_Restaurant_036.jpg,Tesseract OCR,Menu_Restaurant_036_tesseract.txt,"LOMO SALTADU

Trozos de lomo fino flambeados con cebolla,
tomate y aji amarillo. Acompañodo de arroz
blanco y papas amarillas fritas.

b4

CHAUFA ORIENTAL _
Arroz frito estilo oriental salteado con
¡entales y huevo. Al lado,

neeta crocante bañada con suave

salsa BBA.
42_

TALLARIN SALTADO_

Linguini salteado con salsa de soya,
cebolla, tomate y ar'- A escoger,
de pollo o came-

44 — 52.

L¡ng_u¡n¡ bo_ñado en salsa Huancaina,
servido con jugoso lomo saltado.

%

TALLARINES VERDES CON MILANESA_
Linguini bañado en pesto y
parmesano, montado con milanesa.

46

TACU TACU CON LOMO SALTADO_
Tacu tacu de frejol rojo coronado con
nuestro clásico lomo saltado.

50_
"
Menu_Restaurant_035.jpg,Tesseract OCR,Menu_Restaurant_035_tesseract.txt,"= 7 a a

h
Y E *
u NE .|

» —w—w—M_

QUESADILLAS DE POLLO,.

Tortillas de trigo rellenas de pollo y queso,
acompañadas con guacamole, sour cream y

QUESADILLAS DE QUESO_

Tortillas de trigo rellenas de queso,
acompañadas con guacamole, sour cream y _
pico de gallo. pico de gallo.

32 38
QUESADILLAS DE CARNE_ NACHOS PULLED PORK_

Tortillas de trigo rellenas de came y queso, Chips de tortillas bañados con queso
acompañadas con guacamole, sour cream y cheddar, guacamole y pico de gallo,
pico de gallo. con pulled pork por encima

42 38

CRISPY CHICKEN TACOS_ CHICKEN NACHOS —

Tacos de pollo crispy con tocino crocante, Chips de tortillas bañados con cfueso
pico de gallo, lechuga, guacamole, cheddar, guacamole y pico de gallo,
sour cream y salsa r. con trozos de pollo por encima.

—O
—
»-

u
-
-' ""

"
Menu_Restaurant_034.jpg,Tesseract OCR,Menu_Restaurant_034_tesseract.txt,"- -

ENTRADAS 6 PIOI

Mix de nuestras mini hamburguesas.

de_

LANGOSTINOS AL PANKO_

Langostinos empanizados y fritos
con salsa honey mustard.

POCHA

, RESTAURANT A BaArR-

! .U

Trozos de ollo empanizados y fritos,
acompañados de papas amarillas fritas.

3u_

nuine
Nuestras clásicas chips servidas con nuestras
salsas guacamole, sour cream y ranch.

"
Menu_Restaurant_033.jpg,Tesseract OCR,Menu_Restaurant_033_tesseract.txt,". PIQUEOS. —

TEQUEÑOS —

( QUESO Y LOMITO ) _

Spring rolls rellenos de queso o
lomito saltado. Acompañado con

guacamole.

26 — 30_

CHICKEN WINGS_

8 alitas de pollo bañadas en la salsa
de tu preferencia (BBQ. o Buffalo).

Acompañadas de salsa ranch.

30_

FRIED CHEESE_
Dedos de queso mozzarella

empanizados y fritos.
Acompañados de salsa
pomodoro.

30_

SALCHIPAPA_

Mix de salchichas
(frankfurter, chorizo finas hierbas y

chorizo parrillero) acompañadas con
papas amarillas fritas y todas sus cremas.

30_

"
Menu_Restaurant_032.jpg,Tesseract OCR,Menu_Restaurant_032_tesseract.txt,"LA TERRAZA TE PRESENTAMOS NUESTRA CARTA (O ESTELAR

Lunes a viernes: 6: - 10: APARTEETOS
' s: 6:30 a.m. - 10:00 p.m. BELLAVISTA
Domingos hasta las 2:00 p.m. -

— Para empezar — Nuestra Terraza Poke Bow'ls
Ceviche clásico s/50 | Hamburguesa 216 S/ 37 Salmón teriyaki S/ 56 / — |
Ensalada César 216 S/ 32 | Smash burguer S/ 38 Andina bowl S/ 32
Chicharrón de pollo S/ 36 Club sándwich multigrano S/ 37 Avocado chicken bowl S/ 32
Alit '
. ?BQ o Acevichadas s/ 30 Bruscheta de oro verde y huevo S/24  Campestre bowl S/ 32
Tequeños de queso S/ 30 Chicharrór óri
oriental S/ 32 ó
Ciabatta crujiente de pollo y palta S/ 32 Espangetls
Pavito criollo
E Al Pesto S/ 30
ME A la Boloñesa S/ 34
Nuestros Clásicos A CM —
Al Alfredo S/ 32
Lomo saltado S/ 53
Arroz con mariscos S/ 41 P'
122aS
Chaufa amazónico s/38 —
Pechuga a la plancha S/ 42 Pizza Hawaiana S/ 32
| Pizza Americana Si32
Sopas y cremas | Pizza con carne S/ 32
l
Crema de tomate S/ 24 L POSÍF€S
Sopa de dieta _ s/ 24 %
Sopa criolla _ S/ 27 Choco explosión S/ 19

Crocante de manzana s/ 19

Churros de antaño s/ 19

Si tiene una alergia relacionada con algún alimento, agradecemos nos lo informe al momento de hacer su pedido.
Todos los precios están en Soles e incluyen impuestos y servicios. Servicios ofrecidos por Hoteles Estelar del Perú SAC

"
Menu_Restaurant_031.jpg,Tesseract OCR,Menu_Restaurant_031_tesseract.txt,"JUNIUS SUMUSTFI

APERITIVOS

CHORIZOS COCKTAIL (4) 12.30
ANTICUCHO (1) 12.30
3 unidades 6 unidades
TEQUEÑOS BRASA 1350 20.50
PIQUEO CHORIZO COCKTAIL 17.50
Con 1 rodaja de chodo y 1 rodaja de papa dorada.
PIQUEO BROCHETA 17.90
Con 1 rodaja de chodo y 1 rodaja de papa dorada.
PIQUEO MOLLEJITAS 19.50
Con 1 rodaja de chodlo y 1 rodaja de papa dorada.
PIQUEO ANTICUCHO 19.50
Palo de antícucho con 1 rodaja de chodo y
1 rodaja de papa dorada.
6 unidades 12 unidades
PIQUEO MINI POLLITOS PANKO 14.50 21.90
Mini Pollitos Panko + Salsa Honey Mustard
6 unidades 12 unidades
PIQUEO CHICHARRÓN DE POLLO 21.90 34.90
Chicharrón de pollo + Salsa Honey Mustard
BRIOCHE BRASA CON PAPAS FRITAS 26.90
Ssánguche de Pardos Brasa con pan brioche, lechuga,
papas al hilo, mayonesa Pardos y papas fritas
BRIOCHE PARRILLERO CON PAPAS FRITAS — 28.90

sánguche de Pardos Parrillero con pan brioche,
lechuga, papas al hilo, mayonesa Pardos y papas fritas

PARA LOS CARNÍVOROS

LOMO A LA PARRILLA 60.90
Con papas fritas y guarnición de ensalada Pardos*.
BIFE A LA PARRILLA (trozado o entero) 58.90
Con papas fritas y guarnición de ensalada Pardos*.
*Ensalada Pardos: Cocida, Fresca, Delicia (incluyen palta) o Cesar's
CAMBIA TUS PAPAS FRITAS POR UNO DE ESTOS COMPLEMENTOS:
Papas doradas - Ensalada Pardos (Cocida, Fresca, Delicia o Cesar's).
(porción con choclo y papas doradas)
BROCHETAS DE POLLO 25.90
2 brochetas de pollo con 2 rodajas de choclo
y papas doradas.
ANTICUCHOS DE CORAZÓN 26.90
2 Palos de anticuchos con 2 rodajas de
choclo y papas doradas.
MOLLEJITAS A LA PARRILLA 26.90
Mollejitas con 2 rodajas de choclo y papas doradas.
CARRETILLERO 27.90
Palo de anticucho, mollejitas a la parrilla
con 2 rodajas de choclo y papas doradas.
CHICHARRÓN DE POLLO 28.90

4 unidades de chicharrones con 2 rodajas
de choclo y papas doradas.

PARDOS BRASA

- Con papas fritas o doradas y
guarnición de ensalada Pardos*
(o pídelo solo con ensalada)

« Sabores Premium (A lo Bravo, Arrocero
o Encamotado)

» Con un palo de anticucho
(con papas fritas y guarnición de ensalada Pardos*)

1/4
30.50

34.90
40.90

*Ensalada Pardos: Cocida, Fresca o Delicia (no indúyen palta)

LOS PRECIOS INCLUYEN IGV (18%) Y RECARGO AL CONSUMO (10%). PRODUCTOS SUJETOS A DIS

Ne

ESPECIALES AL PL£

(fondo con papas fritas
CHICHARRÓN DE POLLO 34.90
MOLLEJITAS A LA PARRILLA 31.50
Con papas fritas y guamnición de ensalada Pardos”
ANTICUCHOS DE CORAZÓN 32.50
CAMBIA TUS PAPAS Vfº TTAS POR UNO DE ESTOS ':3;J PLEMENTOS
Papas doradas - Ensalada Pardos (Cocida, Fresca, Delicia o Cesar's

”
Elige entre: 1/8 Pardos Brasa (piemna t ma 22.90

Chicharrón de

,

Incduye: papas fritas + vas

Agrega 1 bola de helado a t

PROMOCIONES FAMILIARES

FAMILIAR E — 184.90
Bife a la Parrilla 260 gr. (Trozado o entera) + Lomo a la Parriña

260 r. + V2 Pardos Brasa + /4 Pardos Parríliero Origina

1/4 Pardos Brasa) + 2 Palos de Articuchos + 72 Brochetas de

Pollo + 4 Chorizos Codigall + Porción de Mohejtas + Papas

Fritas (o Ensalada Pardos: Cacida, Fresca, Delician 0 Cevar 3

SABOR PARA 4 143.90
/2 Pardos Brasa + 1/4 Pardos Parrililero Original + Bife a la

Parrilla 260 gt. (Trozado o entero) + 2 Pahos de Anticuchos

+ 7 Brochetas de Polio + 8 Chorizos Codital + Pagas Fritas
PARRILLA PARA 2 98.90
1/4 Pardos Brasa o 1/4 Pardos Parrililero Origanal + Brie ala

Parrilla 260 gr. (Trozado o entero) + Mollejitas a la Parrila
4 1 Palo de Anticucho + 1 Brocheta de Polio + 4 Chorizos
Cocitall + Papas Fritas

*Añádele a tus parrillas una ensalada regular Cocióa 0 Fresca por 19.90

SABORES
PREMIUM

OS BRASA
fritas o ensalada Pardos grande 73.90
Co Delicia).
Co as y ensalada Pardos regular 86.90
Cocida o Fresca)
0 fritas y ensalada Pardos grande 88.90
(Cocida, Fresca o Delicia)
*Agrégale una porción de arroz de lá casa por 7.50 0 una porción de rejillas de camote por 17.90
ENSALADAS PARA
- J_) M PA R Í I R Regular Grande
COCIDA 19.90 23.90
Beterraga, zanahoria, vainita y palta.
FRESCA 19.90 23.90

Lechuga americana, tomate, rabanito y palta.

Agrégale filete de pollo o mini pollitos panko a tus ensaladas +9.90

ENSALADAS DE
FO N DO Mediana (Con — Grande

Grande (Con

filete de pollo o (Solo filete de pollo o
mini políitos panko) ensalada) mini pollitos panko)
DELICIA 23.90 24.90 32.50
Lechuga americana, CSDÍI1&C&,
choclo, tomate, palta y queso fresco.
CESAR'S 24.90 25.90 133.50

Lechuga romana, col morada,
tocino, croutones, queso parmesano
y nuestro aderezo especial Cesar's.

SENSACIÓN 24.90 25.90 33.50
Lechuga americana, espinaca,

tomate, manzana y pecanas

acarameladas.

HONEY 24.90 25.90 133.50

Croutones, lechuga, espinaca,
rabanito, valnita, beterraga, zanahoría,
perejil, queso fresco y tomate,

ADICIONA MÁS SABOR
A TU PEDIDO

» Huevo 3.90 » Plátano 3.90

» Antícucho — 12.90

+ 1 Tequeño Brasa 4.90

Con papas fritas, arroz de la casa, plátano y Acompáñalos con tu opción favorita: 1/4 ¡… 1/2
n Pardos Brasa 34.90 50.50
ARROCERO - Pardos Parrillero Original 35.90 | 5150
Con papas fritas, arroz de la casa y ensalada rusa Pardos Parrillero BBQ / Hot 36.90 | 52.50
con palta - Mollejitas a la Parrilla 35.90
Anticuchos de Corazón 35.90

Con papas fritas, rejillas de camotes y ensalada - Chicharrón de Pollo 36.90
Pardosochoclo” — Bife a la Parrilla 61.90

*Chocio válido solo para anticuchos de fondo.

Ensalada Pardos: Cocida, Fresca,Delica nciuyen pala) o Cesar's. En Pardos Brasa Éncamolado, la ensaloda Delica no incuye pata y no aplica la ensalada Conar

PARDOS

1/2

48.50

50.50
Arrocero o Encamotado)

58.90

PARRILLERO

-Con papasfritas o doradas — 33.90 34.90 | 49.50 50.50

y guarnición de ensalada
Pardos* (0 pídelo solo con ensalada)

- Sabores Premium (A lo Bravo,

» Con un palo de anticucho
(con papas fritas y guamición de ensalada Pardos*)

*Ensalada Pardos: Cocida, Fresca, Delicia (incluyen palta) o Cesar's

PONIBILIDAD DE STOCK. FOTOS REFERENCIALES

1/2

BBO/
HotQ,9

1/4

BBO/ d
Original Hot 7 Original

35.90 36.90| 51.50 52.50
44.50 45.50|59.90 60.90
"
